Date,City,Weather Condition,Temperature,Wind Force and Direction
2011-01-01,beijing,晴/晴,0℃/-9℃,无持续风向≤3级/无持续风向≤3级
2011-01-02,beijing,多云/阴,-2℃/-7℃,无持续风向≤3级/无持续风向≤3级
2011-01-03,beijing,晴/晴,1℃/-8℃,北风3-4级/无持续风向≤3级
2011-01-04,beijing,晴/晴,-1℃/-11℃,无持续风向≤3级/无持续风向≤3级
2011-01-05,beijing,晴/晴,-1℃/-8℃,北风4-5级/北风3-4级
2011-01-06,beijing,晴/晴,0℃/-10℃,无持续风向≤3级/无持续风向≤3级
2011-01-07,beijing,晴/多云,1℃/-7℃,无持续风向≤3级/无持续风向≤3级
2011-01-08,beijing,多云/晴,1℃/-8℃,北风4-5级/北风4-5级
2011-01-09,beijing,晴/晴,-1℃/-10℃,北风3-4级/无持续风向≤3级
2011-01-10,beijing,晴/多云,-1℃/-7℃,无持续风向≤3级/北风3-4级
2011-01-11,beijing,晴/晴,-1℃/-11℃,北风3-4级/无持续风向≤3级
2011-01-12,beijing,多云/多云,0℃/-8℃,无持续风向≤3级/无持续风向≤3级
2011-01-13,beijing,晴/晴,1℃/-7℃,无持续风向≤3级/无持续风向≤3级
2011-01-14,beijing,晴/晴,-1℃/-10℃,北风4-5级/北风3-4级
2011-01-15,beijing,晴/阴,3℃/-4℃,无持续风向≤3级/无持续风向≤3级
2011-01-16,beijing,晴/晴,-1℃/-9℃,无持续风向≤3级/无持续风向≤3级
2011-01-17,beijing,晴/晴,-1℃/-9℃,北风3-4级/无持续风向≤3级
2011-01-18,beijing,晴/晴,-1℃/-10℃,无持续风向≤3级/无持续风向≤3级
2011-01-19,beijing,晴/晴,0℃/-9℃,无持续风向≤3级/无持续风向≤3级
2011-01-20,beijing,晴/多云,0℃/-7℃,无持续风向≤3级/无持续风向≤3级
2011-01-21,beijing,晴/多云,1℃/-7℃,无持续风向≤3级/无持续风向≤3级
2011-01-22,beijing,多云/多云,0℃/-9℃,无持续风向≤3级/北风3-4级
2011-01-23,beijing,晴/晴,-1℃/-10℃,北风3-4级/无持续风向≤3级
2011-01-24,beijing,晴/多云,0℃/-9℃,无持续风向≤3级/无持续风向≤3级
2011-01-25,beijing,晴/晴,0℃/-10℃,无持续风向≤3级/无持续风向≤3级
2011-01-26,beijing,晴/多云,0℃/-8℃,无持续风向≤3级/无持续风向≤3级
2011-01-27,beijing,晴/晴,2℃/-7℃,无持续风向≤3级/无持续风向≤3级
2011-01-28,beijing,晴/晴,4℃/-7℃,无持续风向≤3级/无持续风向≤3级
2011-01-29,beijing,晴/晴,-1℃/-10℃,无持续风向≤3级/无持续风向≤3级
2011-01-30,beijing,晴/晴,3℃/-7℃,无持续风向≤3级/无持续风向≤3级
2011-01-31,beijing,多云/雾,4℃/-2℃,无持续风向≤3级/无持续风向≤3级
2011-02-01,beijing,晴/晴,4℃/-8℃,北风3-4级/无持续风向≤3级
2011-02-02,beijing,晴/多云,9℃/-4℃,北风4-5级/北风4-5级
2011-02-03,beijing,小雪/雾,0℃/-5℃,无持续风向≤3级/北风3-4级
2011-02-04,beijing,晴/小雪,2℃/-7℃,北风3-4级/无持续风向≤3级
2011-02-05,beijing,晴/阴,1℃/-5℃,无持续风向≤3级/无持续风向≤3级
2011-02-06,beijing,多云/阴,9℃/-1℃,无持续风向≤3级/北风3-4级
2011-02-07,beijing,晴/晴,8℃/-4℃,无持续风向≤3级/无持续风向≤3级
2011-02-08,beijing,晴/多云,-2℃/-9℃,无持续风向≤3级/无持续风向≤3级
2011-02-09,beijing,多云/多云,0℃/-6℃,无持续风向≤3级/无持续风向≤3级
2011-02-10,beijing,晴/晴,0℃/-10℃,无持续风向≤3级/无持续风向≤3级
2011-02-11,beijing,晴/晴,1℃/-10℃,北风3-4级/无持续风向≤3级
2011-02-12,beijing,阴/小雪,-3℃/-6℃,无持续风向≤3级/无持续风向≤3级
2011-02-13,beijing,晴/晴,10℃/-3℃,无持续风向≤3级/无持续风向≤3级
2011-02-14,beijing,晴/晴,1℃/-7℃,北风4-5级/无持续风向≤3级
2011-02-15,beijing,晴/多云,4℃/-6℃,无持续风向≤3级/无持续风向≤3级
2011-02-16,beijing,霾/多云,5℃/-4℃,无持续风向≤3级/无持续风向≤3级
2011-02-17,beijing,晴/晴,9℃/-2℃,无持续风向≤3级/北风3-4级
2011-02-18,beijing,多云/晴,3℃/-8℃,北风3-4级/无持续风向≤3级
2011-02-19,beijing,晴/晴,10℃/-3℃,无持续风向≤3级/无持续风向≤3级
2011-02-20,beijing,晴/多云,10℃/-3℃,无持续风向≤3级/无持续风向≤3级
2011-02-21,beijing,晴/晴,10℃/-1℃,无持续风向≤3级/无持续风向≤3级
2011-02-22,beijing,雾/多云,9℃/0℃,无持续风向≤3级/无持续风向≤3级
2011-02-23,beijing,多云/晴,9℃/3℃,无持续风向≤3级/无持续风向≤3级
2011-02-24,beijing,晴/晴,10℃/-1℃,无持续风向≤3级/无持续风向≤3级
2011-02-25,beijing,晴/雨夹雪,7℃/-1℃,无持续风向≤3级/无持续风向≤3级
2011-02-26,beijing,小雪/小雪,2℃/-3℃,无持续风向≤3级/无持续风向≤3级
2011-02-27,beijing,小雪/阴,2℃/-5℃,无持续风向≤3级/无持续风向≤3级
2011-02-28,beijing,晴/晴,6℃/-4℃,无持续风向≤3级/北风3-4级
2011-03-01,beijing,多云/晴,5℃/-3℃,无持续风向≤3级/无持续风向≤3级
2011-03-02,beijing,晴/晴,6℃/-2℃,无持续风向≤3级/北风3-4级
2011-03-03,beijing,晴/晴,9℃/-4℃,北风3-4级/无持续风向≤3级
2011-03-04,beijing,晴/多云,11℃/0℃,无持续风向≤3级/无持续风向≤3级
2011-03-05,beijing,晴/晴,13℃/1℃,无持续风向≤3级/北风3-4级
2011-03-06,beijing,晴/晴,10℃/-1℃,北风3-4级/无持续风向≤3级
2011-03-07,beijing,晴/晴,10℃/-1℃,北风3-4级/无持续风向≤3级
2011-03-08,beijing,晴/晴,10℃/-1℃,北风3-4级/北风3-4级
2011-03-09,beijing,晴/晴,11℃/-1℃,北风3-4级/无持续风向≤3级
2011-03-10,beijing,晴/晴,15℃/1℃,无持续风向≤3级/无持续风向≤3级
2011-03-11,beijing,多云/晴,17℃/3℃,无持续风向≤3级/无持续风向≤3级
2011-03-12,beijing,晴/阴,19℃/7℃,无持续风向≤3级/无持续风向≤3级
2011-03-13,beijing,多云/晴,17℃/3℃,北风4-5级/北风4-5级
2011-03-14,beijing,多云/多云,9℃/1℃,北风3-4级/北风3-4级
2011-03-15,beijing,晴/晴,9℃/-2℃,北风4-5级/北风3-4级
2011-03-16,beijing,晴/晴,13℃/0℃,无持续风向≤3级/无持续风向≤3级
2011-03-17,beijing,晴/多云,16℃/5℃,无持续风向≤3级/无持续风向≤3级
2011-03-18,beijing,多云/晴,14℃/0℃,北风4-5级/北风3-4级
2011-03-19,beijing,多云/多云,13℃/3℃,无持续风向≤3级/无持续风向≤3级
2011-03-20,beijing,阴/阴,11℃/3℃,无持续风向≤3级/北风4-5级
2011-03-21,beijing,多云/晴,8℃/-1℃,北风4-5级/北风3-4级
2011-03-22,beijing,晴/晴,10℃/-1℃,无持续风向≤3级/无持续风向≤3级
2011-03-23,beijing,晴/阴,11℃/1℃,北风3-4级/北风4-5级
2011-03-24,beijing,晴/晴,12℃/0℃,北风4-5级/无持续风向≤3级
2011-03-25,beijing,晴/晴,12℃/1℃,无持续风向≤3级/无持续风向≤3级
2011-03-26,beijing,晴/晴,15℃/1℃,无持续风向≤3级/无持续风向≤3级
2011-03-27,beijing,晴/多云,16℃/2℃,无持续风向≤3级/无持续风向≤3级
2011-03-28,beijing,晴/晴,17℃/4℃,无持续风向≤3级/无持续风向≤3级
2011-03-29,beijing,晴/晴,19℃/4℃,无持续风向≤3级/无持续风向≤3级
2011-03-30,beijing,晴/晴,22℃/7℃,无持续风向≤3级/无持续风向≤3级
2011-03-31,beijing,多云/小雨,22℃/7℃,无持续风向≤3级/东北风3-4级
2011-04-01,beijing,小雨/小雨,10℃/4℃,无持续风向≤3级/无持续风向≤3级
2011-04-02,beijing,晴/晴,13℃/1℃,无持续风向≤3级/无持续风向≤3级
2011-04-03,beijing,晴/晴,16℃/3℃,无持续风向≤3级/无持续风向≤3级
2011-04-04,beijing,晴/晴,20℃/5℃,无持续风向≤3级/无持续风向≤3级
2011-04-05,beijing,多云/阴,19℃/9℃,无持续风向≤3级/无持续风向≤3级
2011-04-06,beijing,阴/多云,19℃/8℃,无持续风向≤3级/无持续风向≤3级
2011-04-07,beijing,多云/晴,19℃/5℃,北风3-4级/北风3-4级
2011-04-08,beijing,晴/多云,20℃/7℃,无持续风向≤3级/无持续风向≤3级
2011-04-09,beijing,阴/小雨,21℃/11℃,无持续风向≤3级/北风3-4级
2011-04-10,beijing,阴/晴,16℃/4℃,北风3-4级/无持续风向≤3级
2011-04-11,beijing,晴/晴,22℃/7℃,无持续风向≤3级/无持续风向≤3级
2011-04-12,beijing,晴/晴,26℃/9℃,无持续风向≤3级/无持续风向≤3级
2011-04-13,beijing,晴/多云,26℃/12℃,无持续风向≤3级/无持续风向≤3级
2011-04-14,beijing,晴/多云,28℃/15℃,无持续风向≤3级/无持续风向≤3级
2011-04-15,beijing,晴/晴,25℃/8℃,北风3-4级/无持续风向≤3级
2011-04-16,beijing,晴/浮尘,25℃/14℃,西南风3-4级/北风3-4级
2011-04-17,beijing,晴/晴,19℃/9℃,北风5-6级/北风4-5级
2011-04-18,beijing,晴/晴,21℃/8℃,无持续风向≤3级/无持续风向≤3级
2011-04-19,beijing,晴/晴,24℃/11℃,无持续风向≤3级/无持续风向≤3级
2011-04-20,beijing,多云/小雨,25℃/14℃,无持续风向≤3级/无持续风向≤3级
2011-04-21,beijing,小雨/晴,17℃/7℃,无持续风向≤3级/无持续风向≤3级
2011-04-22,beijing,阴/阴,20℃/8℃,北风3-4级/无持续风向≤3级
2011-04-23,beijing,阵雨/晴,18℃/9℃,无持续风向≤3级/无持续风向≤3级
2011-04-24,beijing,晴/多云,22℃/11℃,无持续风向≤3级/无持续风向≤3级
2011-04-25,beijing,阴/阵雨,18℃/9℃,无持续风向≤3级/无持续风向≤3级
2011-04-26,beijing,阵雨/晴,17℃/8℃,无持续风向≤3级/无持续风向≤3级
2011-04-27,beijing,阴/多云,23℃/9℃,无持续风向≤3级/无持续风向≤3级
2011-04-28,beijing,晴/阴,24℃/12℃,无持续风向≤3级/无持续风向≤3级
2011-04-29,beijing,阵雨/阵雨,22℃/12℃,无持续风向≤3级/北风3-4级
2011-04-30,beijing,阴/多云,21℃/13℃,北风5-6级/北风4-5级
2011-05-01,beijing,晴/多云,25℃/13℃,无持续风向≤3级/无持续风向≤3级
2011-05-02,beijing,晴/晴,25℃/11℃,无持续风向≤3级/无持续风向≤3级
2011-05-03,beijing,晴/小雨,24℃/14℃,无持续风向≤3级/无持续风向≤3级
2011-05-04,beijing,阵雨/阵雨,19℃/13℃,无持续风向≤3级/无持续风向≤3级
2011-05-05,beijing,多云/晴,23℃/13℃,无持续风向≤3级/无持续风向≤3级
2011-05-06,beijing,晴/多云,26℃/12℃,无持续风向≤3级/无持续风向≤3级
2011-05-07,beijing,晴/阴,26℃/15℃,无持续风向≤3级/无持续风向≤3级
2011-05-08,beijing,中雨/小雨,19℃/12℃,无持续风向≤3级/无持续风向≤3级
2011-05-09,beijing,多云/阴,26℃/16℃,无持续风向≤3级/无持续风向≤3级
2011-05-10,beijing,晴/多云,26℃/13℃,无持续风向≤3级/无持续风向≤3级
2011-05-11,beijing,多云/浮尘,28℃/12℃,北风3-4级/北风5-6级
2011-05-12,beijing,晴/晴,23℃/13℃,北风5-6级/北风4-5级
2011-05-13,beijing,晴/晴,27℃/15℃,北风3-4级/北风4-5级
2011-05-14,beijing,晴/多云,30℃/15℃,无持续风向≤3级/无持续风向≤3级
2011-05-15,beijing,多云/晴,26℃/13℃,无持续风向≤3级/无持续风向≤3级
2011-05-16,beijing,晴/晴,28℃/14℃,南风3-4级/无持续风向≤3级
2011-05-17,beijing,阴/阴,29℃/16℃,无持续风向≤3级/无持续风向≤3级
2011-05-18,beijing,雷阵雨/阴,31℃/17℃,无持续风向≤3级/北风4-5级
2011-05-19,beijing,晴/阴,25℃/16℃,无持续风向≤3级/无持续风向≤3级
2011-05-20,beijing,多云/多云,23℃/13℃,无持续风向≤3级/无持续风向≤3级
2011-05-21,beijing,晴/晴,26℃/12℃,北风3-4级/无持续风向≤3级
2011-05-22,beijing,晴/晴,29℃/15℃,无持续风向≤3级/无持续风向≤3级
2011-05-23,beijing,晴/晴,31℃/16℃,南风3-4级/无持续风向≤3级
2011-05-24,beijing,晴/多云,28℃/18℃,南风3-4级/无持续风向≤3级
2011-05-25,beijing,多云/多云,27℃/18℃,南风3-4级/无持续风向≤3级
2011-05-26,beijing,阵雨/阵雨,28℃/16℃,无持续风向≤3级/无持续风向≤3级
2011-05-27,beijing,晴/晴,29℃/18℃,无持续风向≤3级/无持续风向≤3级
2011-05-28,beijing,晴/多云,33℃/21℃,南风3-4级/无持续风向≤3级
2011-05-29,beijing,雷阵雨/雷阵雨,28℃/17℃,无持续风向≤3级/无持续风向≤3级
2011-05-30,beijing,多云/晴,30℃/19℃,无持续风向≤3级/无持续风向≤3级
2011-05-31,beijing,多云/多云,29℃/18℃,北风3-4级/无持续风向≤3级
2011-06-01,beijing,晴/晴,32℃/19℃,无持续风向≤3级/无持续风向≤3级
2011-06-02,beijing,多云/阴,35℃/22℃,无持续风向≤3级/无持续风向≤3级
2011-06-03,beijing,晴/晴,33℃/20℃,无持续风向≤3级/无持续风向≤3级
2011-06-04,beijing,多云/晴,31℃/21℃,无持续风向≤3级/无持续风向≤3级
2011-06-05,beijing,阴/雷阵雨,33℃/22℃,无持续风向≤3级/无持续风向≤3级
2011-06-06,beijing,雷阵雨/多云,33℃/20℃,无持续风向≤3级/无持续风向≤3级
2011-06-07,beijing,多云/雷阵雨,36℃/21℃,无持续风向≤3级/无持续风向≤3级
2011-06-08,beijing,多云/晴,34℃/21℃,无持续风向≤3级/无持续风向≤3级
2011-06-09,beijing,多云/多云,34℃/22℃,无持续风向≤3级/无持续风向≤3级
2011-06-10,beijing,雷阵雨/雷阵雨,31℃/18℃,无持续风向≤3级/无持续风向≤3级
2011-06-11,beijing,雷阵雨/多云,29℃/18℃,无持续风向≤3级/无持续风向≤3级
2011-06-12,beijing,晴/晴,35℃/20℃,无持续风向≤3级/无持续风向≤3级
2011-06-13,beijing,晴/多云,35℃/21℃,无持续风向≤3级/无持续风向≤3级
2011-06-14,beijing,多云/多云,33℃/23℃,无持续风向≤3级/无持续风向≤3级
2011-06-15,beijing,雷阵雨/中雨,32℃/19℃,无持续风向≤3级/无持续风向≤3级
2011-06-16,beijing,雷阵雨/雷阵雨,27℃/19℃,无持续风向≤3级/无持续风向≤3级
2011-06-17,beijing,阴/多云,29℃/21℃,无持续风向≤3级/无持续风向≤3级
2011-06-18,beijing,晴/晴,33℃/22℃,无持续风向≤3级/无持续风向≤3级
2011-06-19,beijing,晴/晴,34℃/22℃,无持续风向≤3级/无持续风向≤3级
2011-06-20,beijing,多云/多云,34℃/23℃,无持续风向≤3级/无持续风向≤3级
2011-06-21,beijing,多云/多云,34℃/25℃,无持续风向≤3级/无持续风向≤3级
2011-06-22,beijing,阵雨/阵雨,32℃/21℃,无持续风向≤3级/无持续风向≤3级
2011-06-23,beijing,中雨/大雨,28℃/19℃,无持续风向≤3级/无持续风向≤3级
2011-06-24,beijing,阵雨/多云,26℃/18℃,无持续风向≤3级/无持续风向≤3级
2011-06-25,beijing,多云/晴,29℃/19℃,无持续风向≤3级/无持续风向≤3级
2011-06-26,beijing,晴/多云,32℃/20℃,无持续风向≤3级/无持续风向≤3级
2011-06-27,beijing,多云/阴,32℃/22℃,无持续风向≤3级/无持续风向≤3级
2011-06-28,beijing,晴/晴,32℃/22℃,无持续风向≤3级/无持续风向≤3级
2011-06-29,beijing,晴/雷阵雨,32℃/23℃,无持续风向≤3级/无持续风向≤3级
2011-06-30,beijing,雷阵雨/多云,31℃/24℃,无持续风向≤3级/无持续风向≤3级
2011-07-01,beijing,中到大雨/阵雨,29℃/25℃,无持续风向≤3级/无持续风向≤3级
2011-07-02,beijing,中雨/阴,28℃/23℃,无持续风向≤3级/无持续风向≤3级
2011-07-03,beijing,晴/晴,33℃/22℃,无持续风向≤3级/无持续风向≤3级
2011-07-04,beijing,晴/阴,35℃/24℃,无持续风向≤3级/无持续风向≤3级
2011-07-05,beijing,阴/多云,35℃/25℃,无持续风向≤3级/无持续风向≤3级
2011-07-06,beijing,阴/雷阵雨,32℃/22℃,无持续风向≤3级/无持续风向≤3级
2011-07-07,beijing,雷阵雨/阴,33℃/20℃,无持续风向≤3级/无持续风向≤3级
2011-07-08,beijing,多云/晴,33℃/22℃,无持续风向≤3级/无持续风向≤3级
2011-07-09,beijing,晴/多云,35℃/22℃,无持续风向≤3级/无持续风向≤3级
2011-07-10,beijing,阵雨/阴,34℃/23℃,无持续风向≤3级/无持续风向≤3级
2011-07-11,beijing,多云/雷阵雨,33℃/22℃,无持续风向≤3级/无持续风向≤3级
2011-07-12,beijing,雷阵雨/雷阵雨,31℃/23℃,无持续风向≤3级/无持续风向≤3级
2011-07-13,beijing,多云/多云,32℃/24℃,无持续风向≤3级/无持续风向≤3级
2011-07-14,beijing,雷阵雨/雷阵雨,32℃/23℃,无持续风向≤3级/无持续风向≤3级
2011-07-15,beijing,雷阵雨/雷阵雨,32℃/22℃,无持续风向≤3级/无持续风向≤3级
2011-07-16,beijing,多云/雷阵雨,31℃/22℃,无持续风向≤3级/无持续风向≤3级
2011-07-17,beijing,小到中雨/中雨,30℃/20℃,无持续风向≤3级/无持续风向≤3级
2011-07-18,beijing,雷阵雨/多云,28℃/21℃,无持续风向≤3级/无持续风向≤3级
2011-07-19,beijing,雷阵雨/小到中雨,29℃/21℃,无持续风向≤3级/无持续风向≤3级
2011-07-20,beijing,小到中雨/雷阵雨,29℃/21℃,无持续风向≤3级/无持续风向≤3级
2011-07-21,beijing,雷阵雨/雷阵雨,29℃/22℃,无持续风向≤3级/无持续风向≤3级
2011-07-22,beijing,雷阵雨/阴,32℃/24℃,无持续风向≤3级/无持续风向≤3级
2011-07-23,beijing,雾/雾,34℃/26℃,无持续风向≤3级/无持续风向≤3级
2011-07-24,beijing,大雨/暴雨,31℃/22℃,无持续风向≤3级/无持续风向≤3级
2011-07-25,beijing,小雨/多云,30℃/22℃,无持续风向≤3级/无持续风向≤3级
2011-07-26,beijing,晴/雷阵雨,35℃/25℃,无持续风向≤3级/无持续风向≤3级
2011-07-27,beijing,多云/阴,33℃/25℃,无持续风向≤3级/无持续风向≤3级
2011-07-28,beijing,多云/多云,32℃/26℃,无持续风向≤3级/无持续风向≤3级
2011-07-29,beijing,大雨/中雨,30℃/23℃,无持续风向≤3级/无持续风向≤3级
2011-07-30,beijing,阴/多云,33℃/22℃,无持续风向≤3级/无持续风向≤3级
2011-07-31,beijing,晴/多云,35℃/24℃,无持续风向≤3级/无持续风向≤3级
2011-08-01,beijing,晴/多云,35℃/25℃,无持续风向≤3级/无持续风向≤3级
2011-08-02,beijing,多云/阴,32℃/24℃,无持续风向≤3级/无持续风向≤3级
2011-08-03,beijing,晴/晴,34℃/22℃,无持续风向≤3级/无持续风向≤3级
2011-08-04,beijing,晴/晴,33℃/23℃,无持续风向≤3级/无持续风向≤3级
2011-08-05,beijing,多云/多云,31℃/24℃,无持续风向≤3级/无持续风向≤3级
2011-08-06,beijing,雷阵雨/阵雨,31℃/23℃,无持续风向≤3级/无持续风向≤3级
2011-08-07,beijing,多云/多云,32℃/24℃,无持续风向≤3级/无持续风向≤3级
2011-08-08,beijing,多云/晴,34℃/24℃,无持续风向≤3级/无持续风向≤3级
2011-08-09,beijing,雷阵雨/雷阵雨,35℃/24℃,无持续风向≤3级/无持续风向≤3级
2011-08-10,beijing,阴/多云,32℃/24℃,无持续风向≤3级/无持续风向≤3级
2011-08-11,beijing,多云/多云,33℃/25℃,无持续风向≤3级/无持续风向≤3级
2011-08-12,beijing,多云/晴,33℃/25℃,无持续风向≤3级/无持续风向≤3级
2011-08-13,beijing,阴/阴,33℃/24℃,无持续风向≤3级/无持续风向≤3级
2011-08-14,beijing,小到中雨/大到暴雨,30℃/21℃,无持续风向≤3级/无持续风向≤3级
2011-08-15,beijing,中雨/小到中雨,27℃/22℃,无持续风向≤3级/无持续风向≤3级
2011-08-16,beijing,阴/晴,32℃/23℃,无持续风向≤3级/无持续风向≤3级
2011-08-17,beijing,雷阵雨/阵雨,31℃/22℃,无持续风向≤3级/无持续风向≤3级
2011-08-18,beijing,多云/多云,29℃/20℃,无持续风向≤3级/无持续风向≤3级
2011-08-19,beijing,多云/多云,30℃/20℃,无持续风向≤3级/无持续风向≤3级
2011-08-20,beijing,晴/晴,31℃/21℃,无持续风向≤3级/无持续风向≤3级
2011-08-21,beijing,晴/晴,31℃/21℃,无持续风向≤3级/无持续风向≤3级
2011-08-22,beijing,晴/多云,30℃/20℃,无持续风向≤3级/无持续风向≤3级
2011-08-23,beijing,多云/多云,30℃/20℃,无持续风向≤3级/无持续风向≤3级
2011-08-24,beijing,多云/雷阵雨,29℃/20℃,无持续风向≤3级/无持续风向≤3级
2011-08-25,beijing,阵雨/阵雨,27℃/20℃,无持续风向≤3级/无持续风向≤3级
2011-08-26,beijing,雷阵雨/雷阵雨,28℃/20℃,无持续风向≤3级/无持续风向≤3级
2011-08-27,beijing,雷阵雨/阴,28℃/21℃,无持续风向≤3级/无持续风向≤3级
2011-08-28,beijing,多云/晴,30℃/20℃,无持续风向≤3级/无持续风向≤3级
2011-08-29,beijing,晴/多云,32℃/21℃,无持续风向≤3级/无持续风向≤3级
2011-08-30,beijing,晴/多云,31℃/23℃,无持续风向≤3级/无持续风向≤3级
2011-08-31,beijing,雷阵雨/中雨,31℃/20℃,无持续风向≤3级/无持续风向≤3级
2011-09-01,beijing,多云/晴,28℃/19℃,无持续风向≤3级/无持续风向≤3级
2011-09-02,beijing,多云/晴,29℃/20℃,无持续风向≤3级/无持续风向≤3级
2011-09-03,beijing,阴/阴,26℃/18℃,无持续风向≤3级/无持续风向≤3级
2011-09-04,beijing,晴/晴,29℃/19℃,无持续风向≤3级/无持续风向≤3级
2011-09-05,beijing,晴/晴,30℃/20℃,无持续风向≤3级/无持续风向≤3级
2011-09-06,beijing,多云/多云,29℃/20℃,无持续风向≤3级/无持续风向≤3级
2011-09-07,beijing,阴/阴,26℃/18℃,无持续风向≤3级/无持续风向≤3级
2011-09-08,beijing,多云/阵雨,24℃/17℃,无持续风向≤3级/无持续风向≤3级
2011-09-09,beijing,多云/小雨,24℃/15℃,无持续风向≤3级/无持续风向≤3级
2011-09-10,beijing,小雨/阴,19℃/13℃,无持续风向≤3级/无持续风向≤3级
2011-09-11,beijing,多云/多云,25℃/16℃,无持续风向≤3级/无持续风向≤3级
2011-09-12,beijing,阴/阴,24℃/16℃,无持续风向≤3级/无持续风向≤3级
2011-09-13,beijing,多云/雾,24℃/18℃,无持续风向≤3级/无持续风向≤3级
2011-09-14,beijing,多云/多云,24℃/18℃,无持续风向≤3级/无持续风向≤3级
2011-09-15,beijing,多云/阵雨,25℃/17℃,无持续风向≤3级/无持续风向≤3级
2011-09-16,beijing,小雨/阵雨,21℃/14℃,无持续风向≤3级/北风3-4级
2011-09-17,beijing,阴/晴,20℃/11℃,无持续风向≤3级/无持续风向≤3级
2011-09-18,beijing,晴/多云,21℃/10℃,无持续风向≤3级/无持续风向≤3级
2011-09-19,beijing,晴/晴,22℃/10℃,无持续风向≤3级/无持续风向≤3级
2011-09-20,beijing,晴/晴,24℃/11℃,无持续风向≤3级/无持续风向≤3级
2011-09-21,beijing,晴/晴,27℃/11℃,无持续风向≤3级/无持续风向≤3级
2011-09-22,beijing,晴/晴,28℃/12℃,无持续风向≤3级/无持续风向≤3级
2011-09-23,beijing,晴/晴,28℃/13℃,无持续风向≤3级/无持续风向≤3级
2011-09-24,beijing,晴/晴,28℃/15℃,无持续风向≤3级/无持续风向≤3级
2011-09-25,beijing,晴/晴,27℃/15℃,无持续风向≤3级/无持续风向≤3级
2011-09-26,beijing,晴/多云,26℃/16℃,无持续风向≤3级/无持续风向≤3级
2011-09-27,beijing,多云/多云,25℃/17℃,无持续风向≤3级/无持续风向≤3级
2011-09-28,beijing,小雨/多云,22℃/16℃,无持续风向≤3级/北风3-4级
2011-09-29,beijing,晴/晴,22℃/11℃,北风3-4级/无持续风向≤3级
2011-09-30,beijing,晴/晴,21℃/10℃,无持续风向≤3级/无持续风向≤3级
2011-10-01,beijing,晴/晴,21℃/10℃,无持续风向≤3级/无持续风向≤3级
2011-10-02,beijing,晴/晴,21℃/7℃,无持续风向≤3级/无持续风向≤3级
2011-10-03,beijing,晴/晴,21℃/8℃,无持续风向微风/无持续风向微风
2011-10-04,beijing,多云/多云,21℃/12℃,无持续风向≤3级/无持续风向≤3级
2011-10-05,beijing,晴/晴,25℃/10℃,无持续风向≤3级/无持续风向≤3级
2011-10-06,beijing,晴/晴,24℃/10℃,无持续风向≤3级/无持续风向≤3级
2011-10-07,beijing,晴/晴,25℃/11℃,无持续风向≤3级/无持续风向≤3级
2011-10-08,beijing,多云/多云,24℃/15℃,无持续风向≤3级/无持续风向≤3级
2011-10-09,beijing,多云/雾,23℃/15℃,无持续风向≤3级/无持续风向≤3级
2011-10-10,beijing,晴/多云,22℃/13℃,无持续风向≤3级/无持续风向≤3级
2011-10-11,beijing,多云/多云,21℃/14℃,无持续风向≤3级/无持续风向≤3级
2011-10-12,beijing,阴/小到中雨,20℃/14℃,无持续风向≤3级/无持续风向≤3级
2011-10-13,beijing,阵雨/多云,20℃/11℃,无持续风向≤3级/无持续风向≤3级
2011-10-14,beijing,多云/多云,19℃/10℃,北风3-4级/北风3-4级
2011-10-15,beijing,晴/晴,20℃/10℃,北风4-5级/北风3-4级
2011-10-16,beijing,晴/晴,22℃/7℃,无持续风向≤3级/无持续风向≤3级
2011-10-17,beijing,晴/晴,20℃/8℃,无持续风向≤3级/无持续风向≤3级
2011-10-18,beijing,晴/晴,21℃/10℃,无持续风向≤3级/无持续风向≤3级
2011-10-19,beijing,多云/多云,19℃/12℃,无持续风向≤3级/无持续风向≤3级
2011-10-20,beijing,雾/雾,20℃/12℃,无持续风向≤3级/无持续风向≤3级
2011-10-21,beijing,雾/雾,17℃/11℃,无持续风向≤3级/无持续风向≤3级
2011-10-22,beijing,晴/阵雨,20℃/13℃,无持续风向≤3级/无持续风向≤3级
2011-10-23,beijing,阵雨/多云,16℃/5℃,北风4-5级/北风4-5级
2011-10-24,beijing,晴/晴,15℃/2℃,北风3-4级/无持续风向≤3级
2011-10-25,beijing,晴/多云,16℃/4℃,无持续风向≤3级/无持续风向≤3级
2011-10-26,beijing,小雨/阴,13℃/5℃,无持续风向≤3级/无持续风向≤3级
2011-10-27,beijing,晴/晴,16℃/5℃,无持续风向≤3级/无持续风向≤3级
2011-10-28,beijing,晴/多云,16℃/6℃,无持续风向≤3级/无持续风向≤3级
2011-10-29,beijing,晴/雾,18℃/6℃,无持续风向≤3级/无持续风向≤3级
2011-10-30,beijing,多云/雾,17℃/7℃,无持续风向≤3级/无持续风向≤3级
2011-10-31,beijing,多云/小雨,15℃/10℃,无持续风向≤3级/无持续风向≤3级
2011-11-01,beijing,小雨/阴,15℃/8℃,无持续风向≤3级/无持续风向≤3级
2011-11-02,beijing,晴/阴,16℃/9℃,无持续风向≤3级/无持续风向≤3级
2011-11-03,beijing,阴/小雨,14℃/9℃,无持续风向≤3级/无持续风向≤3级
2011-11-04,beijing,小雨/多云,14℃/9℃,无持续风向≤3级/无持续风向≤3级
2011-11-05,beijing,多云/阴,16℃/9℃,无持续风向≤3级/无持续风向≤3级
2011-11-06,beijing,多云/多云,15℃/7℃,无持续风向≤3级/无持续风向≤3级
2011-11-07,beijing,多云/阴,13℃/8℃,无持续风向≤3级/无持续风向≤3级
2011-11-08,beijing,阴/晴,13℃/3℃,无持续风向≤3级/无持续风向≤3级
2011-11-09,beijing,晴/晴,14℃/3℃,无持续风向≤3级/无持续风向≤3级
2011-11-10,beijing,晴/晴,16℃/3℃,无持续风向≤3级/无持续风向≤3级
2011-11-11,beijing,多云/阴,14℃/7℃,无持续风向≤3级/无持续风向≤3级
2011-11-12,beijing,晴/晴,15℃/2℃,北风3-4级/北风3-4级
2011-11-13,beijing,晴/晴,12℃/0℃,无持续风向≤3级/无持续风向≤3级
2011-11-14,beijing,晴/晴,13℃/1℃,无持续风向≤3级/无持续风向≤3级
2011-11-15,beijing,晴/雾,12℃/3℃,无持续风向≤3级/无持续风向≤3级
2011-11-16,beijing,阴/小雨,10℃/6℃,无持续风向≤3级/无持续风向≤3级
2011-11-17,beijing,小雨/多云,8℃/3℃,无持续风向≤3级/无持续风向≤3级
2011-11-18,beijing,多云/阴,12℃/3℃,无持续风向≤3级/北风3-4级
2011-11-19,beijing,晴/晴,9℃/-3℃,北风3-4级/无持续风向≤3级
2011-11-20,beijing,晴/晴,9℃/-3℃,无持续风向≤3级/无持续风向≤3级
2011-11-21,beijing,晴/阴,9℃/1℃,无持续风向≤3级/无持续风向≤3级
2011-11-22,beijing,阴/晴,10℃/-2℃,北风4-5级/北风4-5级
2011-11-23,beijing,晴/晴,7℃/-5℃,无持续风向≤3级/无持续风向≤3级
2011-11-24,beijing,晴/多云,8℃/-3℃,无持续风向≤3级/无持续风向≤3级
2011-11-25,beijing,晴/多云,6℃/0℃,无持续风向≤3级/无持续风向≤3级
2011-11-26,beijing,多云/多云,9℃/-1℃,无持续风向≤3级/无持续风向≤3级
2011-11-27,beijing,晴/多云,7℃/0℃,无持续风向≤3级/无持续风向≤3级
2011-11-28,beijing,阴/阴,5℃/0℃,无持续风向≤3级/无持续风向≤3级
2011-11-29,beijing,阴/阴,4℃/-3℃,无持续风向≤3级/无持续风向≤3级
2011-11-30,beijing,晴/晴,5℃/-5℃,无持续风向≤3级/无持续风向≤3级
2011-12-01,beijing,晴/阴,4℃/-2℃,无持续风向≤3级/无持续风向≤3级
2011-12-02,beijing,阴/阴,4℃/-4℃,无持续风向≤3级/无持续风向≤3级
2011-12-03,beijing,雾/晴,4℃/-5℃,无持续风向≤3级/无持续风向≤3级
2011-12-04,beijing,晴/雾,5℃/-3℃,无持续风向≤3级/无持续风向≤3级
2011-12-05,beijing,小雪/小雪,2℃/-2℃,无持续风向≤3级/无持续风向≤3级
2011-12-06,beijing,雨夹雪/小雪,1℃/-1℃,无持续风向≤3级/北风3-4级
2011-12-07,beijing,阴/晴,4℃/-6℃,北风3-4级/北风3-4级
2011-12-08,beijing,晴/晴,0℃/-8℃,北风3-4级/无持续风向≤3级
2011-12-09,beijing,晴/晴,1℃/-5℃,无持续风向≤3级/北风3-4级
2011-12-10,beijing,晴/晴,5℃/-5℃,北风3-4级/无持续风向≤3级
2011-12-11,beijing,晴/晴,7℃/-4℃,无持续风向≤3级/无持续风向≤3级
2011-12-12,beijing,晴/多云,7℃/-3℃,无持续风向≤3级/无持续风向≤3级
2011-12-13,beijing,多云/晴,5℃/-4℃,无持续风向≤3级/北风3-4级
2011-12-14,beijing,晴/晴,2℃/-6℃,北风4-5级/北风3-4级
2011-12-15,beijing,晴/晴,0℃/-8℃,北风4-5级/北风4-5级
2011-12-16,beijing,晴/晴,1℃/-8℃,无持续风向≤3级/无持续风向≤3级
2011-12-17,beijing,晴/晴,3℃/-9℃,无持续风向≤3级/无持续风向≤3级
2011-12-18,beijing,晴/多云,2℃/-7℃,无持续风向≤3级/无持续风向≤3级
2011-12-19,beijing,多云/多云,2℃/-5℃,无持续风向≤3级/无持续风向≤3级
2011-12-20,beijing,晴/多云,2℃/-4℃,无持续风向≤3级/北风3-4级
2011-12-21,beijing,晴/晴,2℃/-6℃,北风4-5级/北风3-4级
2011-12-22,beijing,晴/晴,2℃/-7℃,无持续风向≤3级/无持续风向≤3级
2011-12-23,beijing,晴/晴,3℃/-5℃,无持续风向≤3级/无持续风向≤3级
2011-12-24,beijing,晴/晴,3℃/-6℃,无持续风向≤3级/无持续风向≤3级
2011-12-25,beijing,晴/晴,4℃/-7℃,无持续风向≤3级/无持续风向≤3级
2011-12-26,beijing,晴/多云,2℃/-5℃,无持续风向≤3级/无持续风向≤3级
2011-12-27,beijing,多云/多云,3℃/-5℃,无持续风向≤3级/无持续风向≤3级
2011-12-28,beijing,晴/晴,5℃/-7℃,无持续风向≤3级/无持续风向≤3级
2011-12-29,beijing,小雪/小雪,-2℃/-5℃,无持续风向微风/无持续风向微风
2011-12-30,beijing,阴/阴,1℃/-5℃,无持续风向≤3级/无持续风向≤3级
2011-12-31,beijing,多云/晴,4℃/-7℃,无持续风向≤3级/无持续风向≤3级
2011-01-01,shanghai,晴/多云,4℃/0℃,西北风4-5级/北风4-5级
2011-01-02,shanghai,多云/雨夹雪,6℃/2℃,北风4-5级/北风4-5级
2011-01-03,shanghai,多云/晴,12℃/4℃,南风≤3级/南风≤3级
2011-01-04,shanghai,雨夹雪/雨夹雪,3℃/-1℃,北风3-4级/北风3-4级
2011-01-05,shanghai,阴/多云,6℃/0℃,北风3-4级/北风4-5级
2011-01-06,shanghai,多云/晴,4℃/-1℃,北风4-5级/北风4-5级
2011-01-07,shanghai,多云/多云,6℃/0℃,北风4-5级/北风3-4级
2011-01-08,shanghai,晴/多云,7℃/1℃,东北风3-4级/东北风3-4级
2011-01-09,shanghai,阴/多云,6℃/0℃,北风4-5级/北风4-5级
2011-01-10,shanghai,晴/多云,3℃/-1℃,北风3-4级/西北风3-4级
2011-01-11,shanghai,多云/多云,4℃/-2℃,西北风4-5级/西北风4-5级
2011-01-12,shanghai,晴/晴,4℃/-1℃,西北风3-4级/北风3-4级
2011-01-13,shanghai,多云/多云,6℃/1℃,东风3-4级/东风3-4级
2011-01-14,shanghai,小雨/小雨,8℃/0℃,东北风4-5级/北风5-6级
2011-01-15,shanghai,晴/晴,8℃/3℃,东北风3-4级/东北风3-4级
2011-01-16,shanghai,多云/多云,2℃/-2℃,北风4-5级/北风4-5级
2011-01-17,shanghai,多云/阴,3℃/-1℃,北风3-4级/北风3-4级
2011-01-18,shanghai,小到中雪/小雪,2℃/0℃,东北风3-4级/北风3-4级
2011-01-19,shanghai,小雪/大雪,4℃/0℃,东北风3-4级/北风3-4级
2011-01-20,shanghai,中到大雪/小雪,2℃/-1℃,东北风3-4级/东北风3-4级
2011-01-21,shanghai,多云/晴,4℃/-1℃,东北风3-4级/北风微风
2011-01-22,shanghai,晴/多云,6℃/2℃,东北风3-4级/北风3-4级
2011-01-23,shanghai,小雨/多云,5℃/0℃,西北风4-5级/西北风4-5级
2011-01-24,shanghai,晴/晴,4℃/-1℃,北风4-5级/北风3-4级
2011-01-25,shanghai,晴/多云,5℃/1℃,北风3-4级/东北风3-4级
2011-01-26,shanghai,阴/阴,7℃/2℃,东北风3-4级/东北风4-5级
2011-01-27,shanghai,晴/晴,8℃/0℃,东北风3-4级/东风3-4级
2011-01-28,shanghai,晴/阴,11℃/4℃,东南风3-4级/东南风3-4级
2011-01-29,shanghai,晴/晴,4℃/-2℃,北风4-5级/西北风3-4级
2011-01-30,shanghai,多云/晴,4℃/-3℃,西北风4-5级/西北风3-4级
2011-01-31,shanghai,晴/晴,19℃/12℃,东南风3-4级/南风4-5级
2011-02-01,shanghai,小雨/小雨,7℃/4℃,东北风≤3级/东北风≤3级
2011-02-02,shanghai,小雨/多云,9℃/5℃,东北风3-4级/东风3-4级
2011-02-03,shanghai,晴/多云,7℃/2℃,北风≤3级/北风≤3级
2011-02-04,shanghai,多云/多云,9℃/2℃,西北风≤3级/西北风≤3级
2011-02-05,shanghai,小雨/中雨,8℃/6℃,东风4-5级/东风4-5级
2011-02-06,shanghai,阴/小雨,7℃/0℃,东北风3-4级/北风3-4级
2011-02-07,shanghai,小雨/小雨,7℃/3℃,北风4-5级/北风4-5级
2011-02-08,shanghai,小雪/小雪,2℃/-2℃,东北风3-4级/北风3-4级
2011-02-09,shanghai,多云/阴,5℃/2℃,北风3-4级/东北风3-4级
2011-02-10,shanghai,晴/多云,8℃/1℃,西北风3-4级/东北风3-4级
2011-02-11,shanghai,多云/多云,6℃/-1℃,北风4-5级/北风4-5级
2011-02-12,shanghai,多云/阴,5℃/0℃,北风4-5级/东北风3-4级
2011-02-13,shanghai,多云/小雨,9℃/3℃,东南风3-4级/东南风3-4级
2011-02-14,shanghai,多云/小雨,17℃/12℃,东南风≤3级/南风≤3级
2011-02-15,shanghai,晴/晴,6℃/0℃,西北风≤3级/西北风≤3级
2011-02-16,shanghai,多云/多云,17℃/6℃,西北风≤3级/西北风≤3级
2011-02-17,shanghai,小雨/小雨,9℃/5℃,东北风3-4级/东北风4-5级
2011-02-18,shanghai,中雨/中雨,7℃/0℃,北风4-5级/东北风4-5级
2011-02-19,shanghai,阴/阴,8℃/3℃,北风3-4级/东北风3-4级
2011-02-20,shanghai,多云/多云,11℃/3℃,东北风3-4级/东北风3-4级
2011-02-21,shanghai,晴/晴,12℃/5℃,北风3-4级/东北风3-4级
2011-02-22,shanghai,晴/多云,13℃/7℃,东风3-4级/东风3-4级
2011-02-23,shanghai,晴/晴,16℃/8℃,东南风3-4级/东风3-4级
2011-02-24,shanghai,晴/多云,18℃/9℃,东南风3-4级/东风3-4级
2011-02-25,shanghai,多云/多云,13℃/8℃,东北风4-5级/东南风4-5级
2011-02-26,shanghai,小雨/小雨,15℃/11℃,东南风3-4级/东南风3-4级
2011-02-27,shanghai,小雨/阵雨,20℃/5℃,西南风4-5级/北风4-5级
2011-02-28,shanghai,小雨/小雨,7℃/3℃,北风4-5级/北风4-5级
2011-03-01,shanghai,阴/多云,6℃/0℃,北风4-5级/北风4-5级
2011-03-02,shanghai,晴/晴,8℃/2℃,北风3-4级/北风3-4级
2011-03-03,shanghai,阴/多云,9℃/2℃,北风3-4级/北风3-4级
2011-03-04,shanghai,晴/晴,9℃/3℃,东北风3-4级/东南风3-4级
2011-03-05,shanghai,多云/小雨,13℃/7℃,东南风4-5级/南风3-4级
2011-03-06,shanghai,小雨/阴,10℃/4℃,北风3-4级/北风4-5级
2011-03-07,shanghai,晴/晴,10℃/2℃,北风3-4级/西北风3-4级
2011-03-08,shanghai,晴/多云,15℃/5℃,西南风3-4级/西南风3-4级
2011-03-09,shanghai,多云/多云,14℃/4℃,北风4-5级/北风3-4级
2011-03-10,shanghai,晴/晴,13℃/6℃,东南风3-4级/东南风3-4级
2011-03-11,shanghai,晴/多云,17℃/9℃,南风3-4级/东南风4-5级
2011-03-12,shanghai,阴/晴,17℃/10℃,南风4-5级/东南风3-4级
2011-03-13,shanghai,多云/阵雨,18℃/8℃,东南风4-5级/南风4-5级
2011-03-14,shanghai,小雨/阴,14℃/4℃,北风4-5级/北风4-5级
2011-03-15,shanghai,阴/多云,9℃/2℃,北风4-5级/西北风4-5级
2011-03-16,shanghai,多云/晴,12℃/4℃,西北风3-4级/西风3-4级
2011-03-17,shanghai,晴/晴,16℃/7℃,东南风3-4级/东南风4-5级
2011-03-18,shanghai,阴/阴,15℃/9℃,东南风4-5级/南风3-4级
2011-03-19,shanghai,阵雨/阵雨,16℃/12℃,南风4-5级/南风4-5级
2011-03-20,shanghai,阵雨/小雨,16℃/6℃,东北风4-5级/北风4-5级
2011-03-21,shanghai,中雨/小雨,8℃/5℃,北风4-5级/北风4-5级
2011-03-22,shanghai,小雨/多云,9℃/3℃,北风4-5级/北风3-4级
2011-03-23,shanghai,晴/多云,13℃/6℃,东风3-4级/南风3-4级
2011-03-24,shanghai,多云/多云,16℃/5℃,南风3-4级/北风4-5级
2011-03-25,shanghai,晴/晴,13℃/4℃,东北风3-4级/南风3-4级
2011-03-26,shanghai,晴/多云,15℃/7℃,西南风3-4级/南风3-4级
2011-03-27,shanghai,晴/晴,17℃/8℃,南风3-4级/西南风3-4级
2011-03-28,shanghai,晴/阴,19℃/9℃,西南风3-4级/西南风3-4级
2011-03-29,shanghai,多云/晴,14℃/6℃,东北风4-5级/东北风3-4级
2011-03-30,shanghai,晴/晴,16℃/7℃,南风3-4级/东南风3-4级
2011-03-31,shanghai,晴/晴,19℃/10℃,东南风3-4级/东南风4-5级
2011-04-01,shanghai,多云/多云,21℃/11℃,东南风4-5级/东南风4-5级
2011-04-02,shanghai,阴/小雨,16℃/7℃,东北风4-5级/东北风4-5级
2011-04-03,shanghai,小雨/阴,9℃/5℃,东北风4-5级/北风4-5级
2011-04-04,shanghai,晴/晴,14℃/6℃,东北风3-4级/东南风3-4级
2011-04-05,shanghai,晴/晴,16℃/9℃,东北风3-4级/东风3-4级
2011-04-06,shanghai,多云/小雨,18℃/12℃,东南风4-5级/东南风4-5级
2011-04-07,shanghai,小雨/阴,15℃/10℃,北风3-4级/北风3-4级
2011-04-08,shanghai,多云/多云,18℃/8℃,东风3-4级/东风3-4级
2011-04-09,shanghai,多云/多云,21℃/12℃,东南风3-4级/东南风3-4级
2011-04-10,shanghai,多云/阴,23℃/12℃,东南风3-4级/东北风4-5级
2011-04-11,shanghai,多云/多云,17℃/9℃,东北风3-4级/东北风3-4级
2011-04-12,shanghai,晴/阴,19℃/12℃,东南风3-4级/南风3-4级
2011-04-13,shanghai,多云/多云,21℃/15℃,南风4-5级/南风3-4级
2011-04-14,shanghai,多云/多云,25℃/17℃,南风3-4级/南风3-4级
2011-04-15,shanghai,雷阵雨/雷阵雨,26℃/13℃,南风3-4级/东北风4-5级
2011-04-16,shanghai,多云/多云,18℃/10℃,东北风4-5级/东北风4-5级
2011-04-17,shanghai,多云/阴,21℃/13℃,南风3-4级/南风3-4级
2011-04-18,shanghai,晴/晴,19℃/9℃,西北风4-5级/北风4-5级
2011-04-19,shanghai,晴/晴,20℃/8℃,北风4-5级/南风3-4级
2011-04-20,shanghai,晴/晴,22℃/13℃,南风4-5级/南风4-5级
2011-04-21,shanghai,阴/阵雨,22℃/13℃,南风4-5级/南风4-5级
2011-04-22,shanghai,阴/多云,18℃/10℃,北风4-5级/北风4-5级
2011-04-23,shanghai,晴/多云,22℃/12℃,南风3-4级/南风4-5级
2011-04-24,shanghai,多云/晴,23℃/14℃,西北风3-4级/南风4-5级
2011-04-25,shanghai,晴/晴,27℃/15℃,南风4-5级/南风4-5级
2011-04-26,shanghai,多云/雷阵雨,31℃/15℃,西南风4-5级/北风4-5级
2011-04-27,shanghai,阴/多云,22℃/11℃,北风4-5级/北风4-5级
2011-04-28,shanghai,晴/多云,22℃/13℃,东南风3-4级/东南风4-5级
2011-04-29,shanghai,晴/多云,27℃/19℃,南风5-6级/南风5-6级
2011-04-30,shanghai,雷阵雨/阵雨,29℃/17℃,南风4-5级/西风4-5级
2011-05-01,shanghai,多云/多云,26℃/13℃,东北风3-4级/东风3-4级
2011-05-02,shanghai,多云/雷阵雨,23℃/12℃,东南风3-4级/东南风3-4级
2011-05-03,shanghai,阵雨/阴,18℃/13℃,东北风3-4级/东北风3-4级
2011-05-04,shanghai,多云/多云,21℃/14℃,东南风3-4级/东南风3-4级
2011-05-05,shanghai,多云/多云,23℃/16℃,东南风4-5级/东南风3-4级
2011-05-06,shanghai,多云/多云,28℃/18℃,南风3-4级/南风3-4级
2011-05-07,shanghai,多云/多云,31℃/20℃,南风3-4级/南风3-4级
2011-05-08,shanghai,多云/晴,31℃/22℃,东南风4-5级/东南风4-5级
2011-05-09,shanghai,多云/多云,34℃/24℃,南风4-5级/南风4-5级
2011-05-10,shanghai,雷阵雨/雷阵雨,34℃/19℃,南风3-4级/南风3-4级
2011-05-11,shanghai,雷阵雨/多云,24℃/16℃,北风3-4级/西北风4-5级
2011-05-12,shanghai,阴/多云,25℃/16℃,西北风3-4级/西北风3-4级
2011-05-13,shanghai,晴/晴,28℃/18℃,西风3-4级/西风3-4级
2011-05-14,shanghai,多云/多云,28℃/18℃,西风3-4级/南风3-4级
2011-05-15,shanghai,多云/多云,29℃/19℃,南风3-4级/南风3-4级
2011-05-16,shanghai,多云/多云,28℃/19℃,南风3-4级/南风3-4级
2011-05-17,shanghai,晴/晴,29℃/20℃,南风3-4级/南风4-5级
2011-05-18,shanghai,多云/晴,32℃/20℃,南风5-6级/南风4-5级
2011-05-19,shanghai,晴/晴,33℃/21℃,南风4-5级/南风4-5级
2011-05-20,shanghai,晴/多云,34℃/22℃,东南风3-4级/东南风3-4级
2011-05-21,shanghai,阵雨/阵雨,28℃/17℃,东北风3-4级/北风4-5级
2011-05-22,shanghai,阵雨/中雨,20℃/16℃,东北风4-5级/东北风4-5级
2011-05-23,shanghai,多云/阴,20℃/15℃,东北风4-5级/东北风4-5级
2011-05-24,shanghai,多云/多云,22℃/16℃,东风3-4级/东风3-4级
2011-05-25,shanghai,多云/阴,23℃/17℃,北风3-4级/北风3-4级
2011-05-26,shanghai,多云/多云,25℃/18℃,西北风3-4级/北风3-4级
2011-05-27,shanghai,多云/多云,26℃/18℃,北风3-4级/东北风3-4级
2011-05-28,shanghai,阴/多云,23℃/17℃,东北风3-4级/东北风4-5级
2011-05-29,shanghai,晴/晴,26℃/18℃,北风4-5级/北风3-4级
2011-05-30,shanghai,多云/多云,30℃/21℃,南风4-5级/南风4-5级
2011-05-31,shanghai,阴/阵雨,31℃/20℃,南风3-4级/西北风3-4级
2011-06-01,shanghai,多云/多云,29℃/19℃,南风3-4级/南风3-4级
2011-06-02,shanghai,多云/多云,30℃/22℃,东南风3-4级/东南风3-4级
2011-06-03,shanghai,多云/阴,30℃/21℃,南风3-4级/南风4-5级
2011-06-04,shanghai,中到大雨/中雨,24℃/20℃,南风4-5级/东南风3-4级
2011-06-05,shanghai,小雨/小雨,23℃/20℃,东北风4-5级/东风3-4级
2011-06-06,shanghai,中雨/阵雨,23℃/19℃,东风3-4级/东风3-4级
2011-06-07,shanghai,小雨/多云,26℃/19℃,东风3-4级/东南风3-4级
2011-06-08,shanghai,多云/晴,33℃/23℃,南风3-4级/南风4-5级
2011-06-09,shanghai,多云/雷阵雨,35℃/23℃,南风3-4级/西南风3-4级
2011-06-10,shanghai,大雨/大雨,27℃/22℃,西南风3-4级/西南风3-4级
2011-06-11,shanghai,中雨/阵雨,26℃/21℃,东北风3-4级/东北风3-4级
2011-06-12,shanghai,阵雨/阴,27℃/20℃,东北风3-4级/南风3-4级
2011-06-13,shanghai,阵雨/阵雨,27℃/21℃,东风3-4级/东南风3-4级
2011-06-14,shanghai,雷阵雨/大雨,24℃/19℃,东南风3-4级/东南风4-5级
2011-06-15,shanghai,大到暴雨/阵雨,21℃/19℃,东风4-5级/东北风4-5级
2011-06-16,shanghai,小雨/阵雨,25℃/20℃,北风3-4级/北风3-4级
2011-06-17,shanghai,阵雨/雷阵雨,25℃/21℃,东南风3-4级/东风3-4级
2011-06-18,shanghai,大到暴雨/大到暴雨,23℃/20℃,东北风3-4级/东风4-5级
2011-06-19,shanghai,小到中雨/阴,23℃/20℃,东风4-5级/东北风3-4级
2011-06-20,shanghai,多云/阵雨,26℃/22℃,东风3-4级/东南风3-4级
2011-06-21,shanghai,雷阵雨/阵雨,26℃/23℃,东南风4-5级/东南风4-5级
2011-06-22,shanghai,雷阵雨/阴,30℃/25℃,东南风4-5级/南风4-5级
2011-06-23,shanghai,多云/多云,35℃/24℃,南风4-5级/南风4-5级
2011-06-24,shanghai,雷阵雨/雷阵雨,34℃/25℃,南风3-4级/南风3-4级
2011-06-25,shanghai,大雨/大到暴雨,28℃/22℃,北风5-6级/北风6-7级
2011-06-26,shanghai,阵雨/多云,29℃/22℃,西风6-7级/西南风4-5级
2011-06-27,shanghai,多云/多云,32℃/24℃,西南风4-5级/东南风3-4级
2011-06-28,shanghai,雷阵雨/阵雨,31℃/25℃,东南风4-5级/南风4-5级
2011-06-29,shanghai,雷阵雨/阵雨,31℃/27℃,南风4-5级/南风4-5级
2011-06-30,shanghai,雷阵雨/雷阵雨,32℃/25℃,南风4-5级/南风4-5级
2011-07-01,shanghai,阵雨/多云,31℃/27℃,南风3-4级/南风3-4级
2011-07-02,shanghai,雷阵雨/多云,35℃/28℃,西南风3-4级/西南风3-4级
2011-07-03,shanghai,多云/多云,37℃/29℃,西南风3-4级/西南风3-4级
2011-07-04,shanghai,雷阵雨/雷阵雨,35℃/27℃,西南风3-4级/东北风3-4级
2011-07-05,shanghai,雷阵雨/雷阵雨,33℃/27℃,东南风3-4级/南风3-4级
2011-07-06,shanghai,多云/多云,36℃/29℃,西南风3-4级/西南风3-4级
2011-07-07,shanghai,多云/多云,37℃/27℃,西南风3-4级/西南风3-4级
2011-07-08,shanghai,雷阵雨/阵雨,33℃/26℃,南风3-4级/西北风3-4级
2011-07-09,shanghai,阵雨/阵雨,32℃/26℃,东风3-4级/东风3-4级
2011-07-10,shanghai,阴/阵雨,32℃/26℃,东南风4-5级/东南风4-5级
2011-07-11,shanghai,阴/阴,32℃/26℃,东南风4-5级/东南风4-5级
2011-07-12,shanghai,阴/阵雨,31℃/26℃,东南风4-5级/东南风4-5级
2011-07-13,shanghai,阴/阵雨,32℃/27℃,东南风4-5级/东南风4-5级
2011-07-14,shanghai,阵雨/阴,32℃/27℃,南风3-4级/东南风4-5级
2011-07-15,shanghai,雷阵雨/多云,32℃/27℃,北风3-4级/东南风3-4级
2011-07-16,shanghai,阵雨/阵雨,32℃/27℃,南风4-5级/东南风4-5级
2011-07-17,shanghai,阵雨/阴,33℃/27℃,东南风4-5级/东南风4-5级
2011-07-18,shanghai,多云/多云,33℃/26℃,东风3-4级/北风3-4级
2011-07-19,shanghai,阵雨/阵雨,32℃/27℃,北风3-4级/北风3-4级
2011-07-20,shanghai,雷阵雨/多云,34℃/27℃,北风3-4级/东南风3-4级
2011-07-21,shanghai,多云/多云,34℃/28℃,东南风3-4级/东南风3-4级
2011-07-22,shanghai,雷阵雨/多云,35℃/27℃,东南风3-4级/东南风≤3级
2011-07-23,shanghai,多云/多云,35℃/28℃,东风3-4级/东南风3-4级
2011-07-24,shanghai,雷阵雨/多云,35℃/28℃,东南风3-4级/东南风3-4级
2011-07-25,shanghai,多云/多云,36℃/28℃,南风3-4级/南风3-4级
2011-07-26,shanghai,雷阵雨/多云,37℃/29℃,南风4-5级/南风4-5级
2011-07-27,shanghai,多云/多云,37℃/29℃,南风4-5级/南风4-5级
2011-07-28,shanghai,多云/晴,36℃/28℃,南风4-5级/南风4-5级
2011-07-29,shanghai,晴/晴,36℃/28℃,南风3-4级/南风3-4级
2011-07-30,shanghai,晴/晴,36℃/28℃,南风3-4级/南风3-4级
2011-07-31,shanghai,雷阵雨/多云,35℃/28℃,东南风3-4级/东南风3-4级
2011-08-01,shanghai,雷阵雨/多云,34℃/28℃,东北风3-4级/东风3-4级
2011-08-02,shanghai,雷阵雨/多云,34℃/27℃,东南风3-4级/东南风3-4级
2011-08-03,shanghai,雷阵雨/雷阵雨,34℃/27℃,东南风4-5级/东南风3-4级
2011-08-04,shanghai,雷阵雨/阴,33℃/26℃,东风3-4级/东风3-4级
2011-08-05,shanghai,多云/多云,32℃/25℃,东北风4-5级/东风4-5级
2011-08-06,shanghai,阵雨/暴雨,32℃/25℃,东北风5-6级/东北风8-9级
2011-08-07,shanghai,中雨/阵雨,30℃/26℃,北风8-9级/西南风7-8级
2011-08-08,shanghai,阵雨/多云,33℃/27℃,西南风3-4级/南风4-5级
2011-08-09,shanghai,雷阵雨/多云,33℃/27℃,南风3-4级/南风3-4级
2011-08-10,shanghai,多云/多云,35℃/27℃,南风3-4级/西南风3-4级
2011-08-11,shanghai,雷阵雨/阵雨,34℃/26℃,西南风3-4级/西南风3-4级
2011-08-12,shanghai,雷阵雨/阵雨,32℃/26℃,西南风3-4级/西南风3-4级
2011-08-13,shanghai,雷阵雨/阵雨,34℃/27℃,西南风4-5级/西南风4-5级
2011-08-14,shanghai,雷阵雨/雷阵雨,35℃/27℃,西南风4-5级/西南风4-5级
2011-08-15,shanghai,雷阵雨/多云,34℃/27℃,西南风4-5级/西南风3-4级
2011-08-16,shanghai,雷阵雨/多云,36℃/27℃,西南风3-4级/西南风3-4级
2011-08-17,shanghai,雷阵雨/中雨,34℃/26℃,西风3-4级/西南风3-4级
2011-08-18,shanghai,雷阵雨/阵雨,33℃/27℃,北风3-4级/南风3-4级
2011-08-19,shanghai,雷阵雨/多云,34℃/27℃,东南风3-4级/南风3-4级
2011-08-20,shanghai,多云/阴,34℃/27℃,东南风3-4级/北风3-4级
2011-08-21,shanghai,雷阵雨/雷阵雨,31℃/25℃,东北风3-4级/东北风3-4级
2011-08-22,shanghai,中到大雨/阵雨,29℃/24℃,南风3-4级/北风3-4级
2011-08-23,shanghai,阵雨/阵雨,28℃/24℃,东北风3-4级/北风3-4级
2011-08-24,shanghai,阵雨/阵雨,24℃/22℃,北风3-4级/东北风3-4级
2011-08-25,shanghai,中雨/阵雨,25℃/23℃,东北风3-4级/东北风3-4级
2011-08-26,shanghai,中到大雨/阵雨,27℃/25℃,东北风3-4级/东风3-4级
2011-08-27,shanghai,雷阵雨/阴,29℃/25℃,东风3-4级/东风3-4级
2011-08-28,shanghai,阴/多云,31℃/26℃,东南风3-4级/东南风3-4级
2011-08-29,shanghai,多云/多云,31℃/26℃,东南风3-4级/东风4-5级
2011-08-30,shanghai,阵雨/多云,31℃/26℃,东风4-5级/东风4-5级
2011-08-31,shanghai,多云/晴,32℃/25℃,东风4-5级/东北风4-5级
2011-09-01,shanghai,晴/晴,32℃/24℃,东北风3-4级/东北风3-4级
2011-09-02,shanghai,晴/晴,31℃/23℃,北风4-5级/北风3-4级
2011-09-03,shanghai,晴/晴,31℃/23℃,北风3-4级/北风3-4级
2011-09-04,shanghai,晴/多云,30℃/22℃,北风3-4级/北风4-5级
2011-09-05,shanghai,多云/多云,29℃/22℃,北风4-5级/北风3-4级
2011-09-06,shanghai,多云/多云,28℃/23℃,东北风3-4级/北风3-4级
2011-09-07,shanghai,多云/多云,29℃/24℃,东风3-4级/东南风3-4级
2011-09-08,shanghai,雷阵雨/多云,31℃/25℃,东南风3-4级/东南风3-4级
2011-09-09,shanghai,雷阵雨/阵雨,27℃/23℃,东北风3-4级/东北风3-4级
2011-09-10,shanghai,阵雨/小雨,26℃/22℃,东北风3-4级/北风3-4级
2011-09-11,shanghai,阴/多云,27℃/24℃,东北风3-4级/东北风3-4级
2011-09-12,shanghai,多云/多云,30℃/24℃,东风3-4级/东风3-4级
2011-09-13,shanghai,多云/多云,31℃/25℃,东风3-4级/东南风3-4级
2011-09-14,shanghai,多云/晴,32℃/25℃,东南风3-4级/东南风3-4级
2011-09-15,shanghai,多云/晴,33℃/25℃,东南风3-4级/东风3-4级
2011-09-16,shanghai,多云/多云,32℃/24℃,东北风3-4级/东北风3-4级
2011-09-17,shanghai,多云/阵雨,29℃/21℃,北风4-5级/北风4-5级
2011-09-18,shanghai,多云/多云,25℃/20℃,北风4-5级/北风5-6级
2011-09-19,shanghai,多云/阵雨,25℃/18℃,北风4-5级/北风4-5级
2011-09-20,shanghai,阴/小雨,22℃/17℃,西北风4-5级/西北风4-5级
2011-09-21,shanghai,多云/多云,23℃/15℃,西北风4-5级/西北风4-5级
2011-09-22,shanghai,多云/晴,24℃/16℃,西北风3-4级/北风3-4级
2011-09-23,shanghai,晴/晴,26℃/18℃,东北风3-4级/东北风3-4级
2011-09-24,shanghai,晴/多云,27℃/20℃,东北风3-4级/东北风3-4级
2011-09-25,shanghai,多云/阴,27℃/22℃,东北风3-4级/东北风3-4级
2011-09-26,shanghai,阵雨/阵雨,27℃/23℃,东北风3-4级/东北风3-4级
2011-09-27,shanghai,阴/阴,27℃/23℃,东北风3-4级/东风4-5级
2011-09-28,shanghai,阴/阴,28℃/24℃,东风3-4级/东风3-4级
2011-09-29,shanghai,中雨/中雨,30℃/18℃,东南风3-4级/北风4-5级
2011-09-30,shanghai,小雨/阴,22℃/18℃,北风4-5级/东北风4-5级
2011-10-01,shanghai,阴/小雨,22℃/18℃,东北风4-5级/东北风4-5级
2011-10-02,shanghai,小雨/阵雨,21℃/17℃,东北风4-5级/东北风4-5级
2011-10-03,shanghai,阴/阴,21℃/17℃,东北风4-5级/东北风4-5级
2011-10-04,shanghai,多云/阴,22℃/18℃,东北风3-4级/东北风3-4级
2011-10-05,shanghai,阴/多云,23℃/17℃,东北风3-4级/东北风3-4级
2011-10-06,shanghai,多云/多云,24℃/17℃,北风3-4级/西北风3-4级
2011-10-07,shanghai,晴/晴,25℃/15℃,东北风3-4级/东北风3-4级
2011-10-08,shanghai,晴/晴,26℃/17℃,东风3-4级/东风3-4级
2011-10-09,shanghai,多云/多云,27℃/19℃,东南风3-4级/东风3-4级
2011-10-10,shanghai,阴/阴,25℃/20℃,东北风4-5级/东北风4-5级
2011-10-11,shanghai,多云/多云,25℃/19℃,东北风3-4级/东北风4-5级
2011-10-12,shanghai,多云/阴,25℃/20℃,东风3-4级/东风3-4级
2011-10-13,shanghai,小到中雨/中雨,23℃/18℃,东风3-4级/西北风3-4级
2011-10-14,shanghai,小雨/多云,23℃/16℃,西北风4-5级/西风3-4级
2011-10-15,shanghai,多云/多云,23℃/14℃,西北风4-5级/西北风4-5级
2011-10-16,shanghai,晴/多云,23℃/14℃,西北风3-4级/西风3-4级
2011-10-17,shanghai,晴/晴,24℃/16℃,北风3-4级/东北风3-4级
2011-10-18,shanghai,晴/晴,22℃/15℃,东北风3-4级/东北风3-4级
2011-10-19,shanghai,多云/多云,23℃/15℃,东北风3-4级/东北风3-4级
2011-10-20,shanghai,阴/小雨,23℃/18℃,东北风3-4级/东北风3-4级
2011-10-21,shanghai,小雨/多云,23℃/16℃,东北风3-4级/北风3-4级
2011-10-22,shanghai,晴/晴,23℃/17℃,北风3-4级/东北风3-4级
2011-10-23,shanghai,多云/阵雨,23℃/17℃,东风3-4级/东南风3-4级
2011-10-24,shanghai,中雨/小雨,20℃/15℃,北风4-5级/北风4-5级
2011-10-25,shanghai,多云/多云,19℃/13℃,北风4-5级/北风4-5级
2011-10-26,shanghai,多云/阴,19℃/15℃,东北风3-4级/东北风3-4级
2011-10-27,shanghai,多云/阴,20℃/16℃,东风3-4级/东风3-4级
2011-10-28,shanghai,阴/小雨,20℃/17℃,东风3-4级/东北风3-4级
2011-10-29,shanghai,小雨/小雨,19℃/16℃,北风3-4级/东北风3-4级
2011-10-30,shanghai,多云/多云,21℃/15℃,北风3-4级/东北风3-4级
2011-10-31,shanghai,多云/多云,21℃/17℃,东北风3-4级/东北风3-4级
2011-11-01,shanghai,多云/阴,23℃/19℃,东风3-4级/东风3-4级
2011-11-02,shanghai,阵雨/阵雨,24℃/18℃,东北风4-5级/东北风3-4级
2011-11-03,shanghai,阴/阵雨,23℃/20℃,东北风3-4级/东风3-4级
2011-11-04,shanghai,阵雨/阵雨,24℃/20℃,东风3-4级/东南风3-4级
2011-11-05,shanghai,阵雨/小雨,23℃/18℃,东北风3-4级/东北风3-4级
2011-11-06,shanghai,小雨/阴,21℃/17℃,东北风3-4级/东北风4-5级
2011-11-07,shanghai,阴/小雨,20℃/16℃,东北风3-4级/东北风3-4级
2011-11-08,shanghai,小雨/小雨,19℃/15℃,东北风3-4级/东北风4-5级
2011-11-09,shanghai,小雨/小雨,18℃/14℃,北风3-4级/北风3-4级
2011-11-10,shanghai,小雨/多云,16℃/9℃,北风4-5级/北风4-5级
2011-11-11,shanghai,多云/多云,18℃/9℃,北风3-4级/北风3-4级
2011-11-12,shanghai,多云/晴,20℃/11℃,东北风3-4级/西北风≤3级
2011-11-13,shanghai,晴/多云,20℃/12℃,无持续风向≤3级/北风≤3级
2011-11-14,shanghai,多云/多云,18℃/12℃,北风3-4级/东北风3-4级
2011-11-15,shanghai,多云/多云,20℃/14℃,东风3-4级/东风3-4级
2011-11-16,shanghai,多云/小雨,20℃/19℃,东风4-5级/东南风4-5级
2011-11-17,shanghai,中雨/阵雨,23℃/19℃,东南风4-5级/东南风4-5级
2011-11-18,shanghai,阵雨/阵雨,25℃/14℃,南风3-4级/南风3-4级
2011-11-19,shanghai,小雨/阴,17℃/10℃,北风4-5级/北风4-5级
2011-11-20,shanghai,多云/晴,15℃/8℃,北风4-5级/北风3-4级
2011-11-21,shanghai,晴/多云,16℃/9℃,东北风3-4级/南风3-4级
2011-11-22,shanghai,多云/多云,18℃/10℃,南风3-4级/西北风4-5级
2011-11-23,shanghai,晴/晴,15℃/8℃,西北风4-5级/西北风3-4级
2011-11-24,shanghai,晴/晴,14℃/8℃,东北风3-4级/东南风3-4级
2011-11-25,shanghai,多云/多云,18℃/11℃,东南风3-4级/东南风3-4级
2011-11-26,shanghai,多云/多云,20℃/15℃,东南风4-5级/东南风4-5级
2011-11-27,shanghai,多云/晴,21℃/15℃,东南风3-4级/东南风3-4级
2011-11-28,shanghai,多云/多云,22℃/16℃,东风3-4级/东风3-4级
2011-11-29,shanghai,多云/阵雨,22℃/11℃,东北风3-4级/东北风3-4级
2011-11-30,shanghai,小雨/小雨,17℃/8℃,东北风4-5级/北风5-6级
2011-12-01,shanghai,阴/阴,11℃/4℃,北风5-6级/北风4-5级
2011-12-02,shanghai,多云/晴,10℃/2℃,北风4-5级/西北风4-5级
2011-12-03,shanghai,晴/晴,10℃/4℃,西北风3-4级/西北风4-5级
2011-12-04,shanghai,晴/多云,13℃/9℃,东北风≤3级/东北风≤3级
2011-12-05,shanghai,多云/小雨,15℃/13℃,东风3-4级/东风3-4级
2011-12-06,shanghai,小雨/小雨,16℃/11℃,东风3-4级/东风3-4级
2011-12-07,shanghai,小到中雨/小雨,14℃/6℃,东风3-4级/西北风4-5级
2011-12-08,shanghai,小雨/阴,10℃/3℃,北风5-6级/北风5-6级
2011-12-09,shanghai,多云/晴,7℃/-1℃,北风4-5级/北风4-5级
2011-12-10,shanghai,晴/晴,5℃/-2℃,北风4-5级/北风3-4级
2011-12-11,shanghai,晴/晴,8℃/2℃,西北风3-4级/北风3-4级
2011-12-12,shanghai,多云/多云,10℃/5℃,东北风3-4级/北风3-4级
2011-12-13,shanghai,晴/晴,12℃/3℃,北风3-4级/北风≤3级
2011-12-14,shanghai,晴/多云,13℃/5℃,西北风3-4级/北风4-5级
2011-12-15,shanghai,阴/多云,8℃/2℃,北风4-5级/北风4-5级
2011-12-16,shanghai,晴/晴,6℃/0℃,北风4-5级/东北风3-4级
2011-12-17,shanghai,多云/晴,7℃/-1℃,东北风3-4级/北风3-4级
2011-12-18,shanghai,多云/多云,9℃/3℃,北风3-4级/北风3-4级
2011-12-19,shanghai,晴/多云,11℃/6℃,东北风3-4级/东北风3-4级
2011-12-20,shanghai,小雨/小雨,12℃/7℃,东风3-4级/东风3-4级
2011-12-21,shanghai,阴/阴,11℃/3℃,北风4-5级/北风4-5级
2011-12-22,shanghai,多云/多云,6℃/1℃,东北风4-5级/北风4-5级
2011-12-23,shanghai,晴/晴,7℃/-1℃,北风3-4级/西北风3-4级
2011-12-24,shanghai,晴/晴,7℃/-1℃,西北风4-5级/西北风3-4级
2011-12-25,shanghai,晴/晴,8℃/0℃,西北风3-4级/西风3-4级
2011-12-26,shanghai,晴/多云,9℃/4℃,东北风3-4级/东北风3-4级
2011-12-27,shanghai,阴/阴,11℃/8℃,东风3-4级/东风3-4级
2011-12-28,shanghai,阴/阴,12℃/8℃,东风3-4级/东北风3-4级
2011-12-29,shanghai,中雨/小雪,7℃/-3℃,西北风4-5级/西北风4-5级
2011-12-30,shanghai,多云/晴,10℃/3℃,东北风3-4级/东北风3-4级
2011-12-31,shanghai,多云/多云,9℃/3℃,东风3-4级/东北风3-4级
2011-01-01,guangzhou,晴/多云,18℃/3℃,北风3-4级/北风3-4级
2011-01-02,guangzhou,多云/多云,19℃/9℃,无持续风向微风/无持续风向微风
2011-01-03,guangzhou,小雨/小雨,11℃/5℃,无持续风向微风/无持续风向微风
2011-01-04,guangzhou,小雨/阴,8℃/5℃,无持续风向微风/无持续风向微风
2011-01-05,guangzhou,阴/小雨,14℃/7℃,无持续风向微风/无持续风向微风
2011-01-06,guangzhou,小雨/阴,9℃/4℃,北风4-5级/北风3-4级
2011-01-07,guangzhou,多云/多云,12℃/5℃,北风3-4级/无持续风向微风
2011-01-08,guangzhou,多云/多云,15℃/7℃,无持续风向微风/无持续风向微风
2011-01-09,guangzhou,多云/阴,13℃/6℃,北风3-4级/北风3-4级
2011-01-10,guangzhou,阴/小雨,12℃/5℃,北风3-4级/北风3-4级
2011-01-11,guangzhou,小雨/小雨,8℃/4℃,北风3-4级/无持续风向微风
2011-01-12,guangzhou,小雨/阴,10℃/7℃,无持续风向微风/无持续风向微风
2011-01-13,guangzhou,阴/阴,13℃/10℃,无持续风向微风/无持续风向微风
2011-01-14,guangzhou,多云/多云,16℃/8℃,无持续风向微风/无持续风向微风
2011-01-15,guangzhou,多云/晴,15℃/5℃,北风3-4级/东北风3-4级
2011-01-16,guangzhou,晴/晴,14℃/3℃,无持续风向微风/无持续风向微风
2011-01-17,guangzhou,晴/多云,15℃/7℃,无持续风向微风/无持续风向微风
2011-01-18,guangzhou,多云/阴,15℃/8℃,无持续风向微风/无持续风向微风
2011-01-19,guangzhou,多云/阴,16℃/9℃,无持续风向微风/无持续风向微风
2011-01-20,guangzhou,阴/阴,14℃/6℃,无持续风向微风/无持续风向微风
2011-01-21,guangzhou,阴/晴,15℃/3℃,无持续风向微风/无持续风向微风
2011-01-22,guangzhou,多云/多云,15℃/7℃,无持续风向微风/无持续风向微风
2011-01-23,guangzhou,多云/多云,14℃/7℃,无持续风向微风/无持续风向微风
2011-01-24,guangzhou,多云/多云,16℃/9℃,无持续风向微风/无持续风向微风
2011-01-25,guangzhou,多云/多云,13℃/8℃,无持续风向微风/无持续风向微风
2011-01-26,guangzhou,多云/多云,15℃/9℃,无持续风向微风/无持续风向微风
2011-01-27,guangzhou,多云/阴,17℃/10℃,无持续风向微风/无持续风向微风
2011-01-28,guangzhou,阴/多云,14℃/7℃,北风3-4级/北风3-4级
2011-01-29,guangzhou,多云/多云,13℃/5℃,北风3-4级/北风3-4级
2011-01-30,guangzhou,多云/多云,14℃/5℃,北风3-4级/北风3-4级
2011-01-31,guangzhou,多云/晴,16℃/8℃,无持续风向微风/无持续风向微风
2011-02-01,guangzhou,多云/多云,16℃/9℃,无持续风向微风/无持续风向微风
2011-02-02,guangzhou,多云/晴,18℃/10℃,无持续风向微风/无持续风向微风
2011-02-03,guangzhou,多云/多云,21℃/11℃,无持续风向微风/无持续风向微风
2011-02-04,guangzhou,晴/晴,23℃/9℃,无持续风向微风/无持续风向微风
2011-02-05,guangzhou,晴/晴,24℃/10℃,无持续风向微风/无持续风向微风
2011-02-06,guangzhou,晴/多云,25℃/11℃,无持续风向微风/无持续风向微风
2011-02-07,guangzhou,多云/多云,26℃/14℃,无持续风向微风/无持续风向微风
2011-02-08,guangzhou,多云/多云,26℃/13℃,无持续风向微风/无持续风向微风
2011-02-09,guangzhou,多云/多云,26℃/15℃,无持续风向微风/无持续风向微风
2011-02-10,guangzhou,多云/小雨,23℃/11℃,无持续风向微风/无持续风向微风
2011-02-11,guangzhou,阴/阴,16℃/10℃,东北风3-4级/北风3-4级
2011-02-12,guangzhou,阴/小雨,15℃/8℃,北风3-4级/无持续风向微风
2011-02-13,guangzhou,中雨/阴,11℃/6℃,无持续风向微风/无持续风向微风
2011-02-14,guangzhou,阴/阴,12℃/7℃,无持续风向微风/无持续风向微风
2011-02-15,guangzhou,小雨/小雨,11℃/7℃,无持续风向微风/无持续风向微风
2011-02-16,guangzhou,小雨/阴,11℃/8℃,无持续风向微风/无持续风向微风
2011-02-17,guangzhou,雾/雾,14℃/10℃,无持续风向微风/无持续风向微风
2011-02-18,guangzhou,阴/小雨,15℃/8℃,无持续风向微风/无持续风向微风
2011-02-19,guangzhou,小雨/小雨,11℃/9℃,无持续风向≤3级/无持续风向≤3级
2011-02-20,guangzhou,阴/多云,17℃/10℃,无持续风向≤3级/无持续风向≤3级
2011-02-21,guangzhou,阴/阴,19℃/13℃,无持续风向≤3级/无持续风向≤3级
2011-02-22,guangzhou,多云/多云,21℃/14℃,无持续风向≤3级/无持续风向≤3级
2011-02-23,guangzhou,多云/阴,20℃/15℃,无持续风向≤3级/无持续风向≤3级
2011-02-24,guangzhou,多云/阴,21℃/14℃,无持续风向≤3级/无持续风向≤3级
2011-02-25,guangzhou,多云/多云,26℃/14℃,无持续风向≤3级/无持续风向≤3级
2011-02-26,guangzhou,多云/多云,25℃/17℃,无持续风向≤3级/无持续风向≤3级
2011-02-27,guangzhou,多云/多云,25℃/18℃,无持续风向≤3级/无持续风向≤3级
2011-02-28,guangzhou,晴/多云,27℃/17℃,无持续风向≤3级/无持续风向≤3级
2011-03-01,guangzhou,多云/多云,22℃/12℃,无持续风向≤3级/无持续风向≤3级
2011-03-02,guangzhou,多云/阴,19℃/12℃,北风3-4级/无持续风向≤3级
2011-03-03,guangzhou,多云/多云,22℃/11℃,无持续风向≤3级/无持续风向≤3级
2011-03-04,guangzhou,多云/多云,21℃/11℃,无持续风向≤3级/无持续风向≤3级
2011-03-05,guangzhou,多云/多云,23℃/14℃,无持续风向≤3级/无持续风向≤3级
2011-03-06,guangzhou,阴/小雨,23℃/13℃,无持续风向≤3级/北风3-4级
2011-03-07,guangzhou,阴/阴,17℃/12℃,北风3-4级/北风3-4级
2011-03-08,guangzhou,小雨/小雨,19℃/12℃,无持续风向≤3级/无持续风向≤3级
2011-03-09,guangzhou,小雨/小雨,18℃/12℃,无持续风向≤3级/北风3-4级
2011-03-10,guangzhou,小雨/阴,17℃/13℃,无持续风向≤3级/无持续风向≤3级
2011-03-11,guangzhou,多云/多云,20℃/14℃,无持续风向≤3级/无持续风向≤3级
2011-03-12,guangzhou,多云/多云,22℃/14℃,无持续风向≤3级/无持续风向≤3级
2011-03-13,guangzhou,多云/多云,23℃/15℃,无持续风向≤3级/无持续风向≤3级
2011-03-14,guangzhou,多云/多云,26℃/16℃,无持续风向≤3级/无持续风向≤3级
2011-03-15,guangzhou,小雨/阴,19℃/10℃,北风4-5级/北风3-4级
2011-03-16,guangzhou,阴/多云,17℃/11℃,北风3-4级/东北风3-4级
2011-03-17,guangzhou,阴/小雨,19℃/13℃,北风3-4级/东北风3-4级
2011-03-18,guangzhou,小到中雨/小雨,15℃/11℃,无持续风向≤3级/无持续风向≤3级
2011-03-19,guangzhou,阵雨/小雨,14℃/11℃,无持续风向≤3级/无持续风向≤3级
2011-03-20,guangzhou,多云/多云,22℃/18℃,无持续风向≤3级/无持续风向≤3级
2011-03-21,guangzhou,小雨/阴,26℃/13℃,无持续风向≤3级/北风3-4级
2011-03-22,guangzhou,小雨/阴,16℃/11℃,北风3-4级/北风3-4级
2011-03-23,guangzhou,阴/多云,17℃/11℃,北风3-4级/北风3-4级
2011-03-24,guangzhou,阴/多云,17℃/12℃,北风3-4级/无持续风向≤3级
2011-03-25,guangzhou,多云/多云,17℃/14℃,无持续风向≤3级/无持续风向≤3级
2011-03-26,guangzhou,阴/阴,20℃/13℃,无持续风向≤3级/无持续风向≤3级
2011-03-27,guangzhou,阴/阴,17℃/11℃,无持续风向≤3级/无持续风向≤3级
2011-03-28,guangzhou,多云/晴,20℃/13℃,无持续风向≤3级/无持续风向≤3级
2011-03-29,guangzhou,多云/多云,24℃/13℃,无持续风向≤3级/无持续风向≤3级
2011-03-30,guangzhou,多云/阴,22℃/14℃,无持续风向≤3级/无持续风向≤3级
2011-03-31,guangzhou,阴/多云,23℃/15℃,无持续风向≤3级/无持续风向≤3级
2011-04-01,guangzhou,多云/多云,26℃/16℃,无持续风向≤3级/无持续风向≤3级
2011-04-02,guangzhou,多云/多云,28℃/16℃,无持续风向≤3级/无持续风向≤3级
2011-04-03,guangzhou,多云/小雨,28℃/15℃,无持续风向≤3级/无持续风向≤3级
2011-04-04,guangzhou,多云/多云,22℃/15℃,无持续风向≤3级/无持续风向≤3级
2011-04-05,guangzhou,多云/多云,23℃/16℃,无持续风向≤3级/无持续风向≤3级
2011-04-06,guangzhou,多云/多云,25℃/18℃,无持续风向≤3级/无持续风向≤3级
2011-04-07,guangzhou,多云/多云,27℃/18℃,无持续风向≤3级/无持续风向≤3级
2011-04-08,guangzhou,多云/多云,26℃/18℃,无持续风向≤3级/无持续风向≤3级
2011-04-09,guangzhou,多云/多云,28℃/19℃,无持续风向≤3级/无持续风向≤3级
2011-04-10,guangzhou,多云/多云,29℃/18℃,无持续风向≤3级/无持续风向≤3级
2011-04-11,guangzhou,多云/多云,30℃/18℃,无持续风向≤3级/无持续风向≤3级
2011-04-12,guangzhou,多云/多云,29℃/18℃,无持续风向≤3级/无持续风向≤3级
2011-04-13,guangzhou,多云/多云,29℃/19℃,无持续风向≤3级/无持续风向≤3级
2011-04-14,guangzhou,多云/晴,31℃/19℃,无持续风向≤3级/无持续风向≤3级
2011-04-15,guangzhou,多云/多云,30℃/20℃,无持续风向≤3级/无持续风向≤3级
2011-04-16,guangzhou,多云/雷阵雨,32℃/21℃,无持续风向≤3级/无持续风向≤3级
2011-04-17,guangzhou,暴雨/阵雨,26℃/21℃,无持续风向≤3级/无持续风向≤3级
2011-04-18,guangzhou,多云/多云,29℃/18℃,无持续风向≤3级/无持续风向≤3级
2011-04-19,guangzhou,晴/多云,28℃/18℃,无持续风向≤3级/无持续风向≤3级
2011-04-20,guangzhou,晴/多云,32℃/19℃,无持续风向≤3级/无持续风向≤3级
2011-04-21,guangzhou,多云/多云,28℃/21℃,无持续风向≤3级/无持续风向≤3级
2011-04-22,guangzhou,雷阵雨/阵雨,26℃/18℃,无持续风向≤3级/无持续风向≤3级
2011-04-23,guangzhou,晴/晴,29℃/18℃,无持续风向≤3级/无持续风向≤3级
2011-04-24,guangzhou,多云/多云,29℃/18℃,无持续风向≤3级/无持续风向≤3级
2011-04-25,guangzhou,多云/多云,31℃/18℃,无持续风向≤3级/无持续风向≤3级
2011-04-26,guangzhou,多云/多云,31℃/20℃,无持续风向≤3级/无持续风向≤3级
2011-04-27,guangzhou,多云/多云,31℃/22℃,无持续风向≤3级/无持续风向≤3级
2011-04-28,guangzhou,多云/多云,32℃/23℃,无持续风向≤3级/无持续风向≤3级
2011-04-29,guangzhou,小雨/阵雨,28℃/23℃,无持续风向≤3级/无持续风向≤3级
2011-04-30,guangzhou,阵雨/阵雨,27℃/23℃,无持续风向≤3级/无持续风向≤3级
2011-05-01,guangzhou,阵雨/阵雨,28℃/24℃,无持续风向≤3级/无持续风向≤3级
2011-05-02,guangzhou,阵雨/阵雨,28℃/23℃,无持续风向≤3级/无持续风向≤3级
2011-05-03,guangzhou,中雨/小到中雨,26℃/19℃,无持续风向≤3级/无持续风向≤3级
2011-05-04,guangzhou,阵雨/阵雨,23℃/18℃,无持续风向≤3级/无持续风向≤3级
2011-05-05,guangzhou,阵雨/阵雨,26℃/20℃,无持续风向≤3级/无持续风向≤3级
2011-05-06,guangzhou,阵雨/阵雨,27℃/23℃,无持续风向≤3级/无持续风向≤3级
2011-05-07,guangzhou,阵雨/阵雨,30℃/25℃,无持续风向≤3级/无持续风向≤3级
2011-05-08,guangzhou,阵雨/阵雨,30℃/24℃,无持续风向≤3级/无持续风向≤3级
2011-05-09,guangzhou,多云/多云,32℃/24℃,无持续风向≤3级/无持续风向≤3级
2011-05-10,guangzhou,多云/多云,33℃/25℃,无持续风向≤3级/无持续风向≤3级
2011-05-11,guangzhou,雷阵雨/中雨,31℃/24℃,无持续风向≤3级/无持续风向≤3级
2011-05-12,guangzhou,中雨/暴雨,30℃/22℃,无持续风向≤3级/无持续风向≤3级
2011-05-13,guangzhou,大雨/小到中雨,28℃/22℃,无持续风向≤3级/无持续风向≤3级
2011-05-14,guangzhou,雷阵雨/阵雨,27℃/22℃,无持续风向≤3级/无持续风向≤3级
2011-05-15,guangzhou,雷阵雨/中雨,27℃/22℃,无持续风向≤3级/无持续风向≤3级
2011-05-16,guangzhou,中到大雨/中雨,27℃/22℃,无持续风向≤3级/无持续风向≤3级
2011-05-17,guangzhou,多云/多云,28℃/20℃,无持续风向≤3级/无持续风向≤3级
2011-05-18,guangzhou,多云/晴,32℃/21℃,无持续风向≤3级/无持续风向≤3级
2011-05-19,guangzhou,晴/晴,32℃/20℃,无持续风向≤3级/无持续风向≤3级
2011-05-20,guangzhou,多云/多云,31℃/23℃,无持续风向≤3级/无持续风向≤3级
2011-05-21,guangzhou,多云/阵雨,31℃/23℃,无持续风向≤3级/无持续风向≤3级
2011-05-22,guangzhou,暴雨/大雨,27℃/22℃,无持续风向≤3级/无持续风向≤3级
2011-05-23,guangzhou,阵雨/阴,25℃/21℃,无持续风向≤3级/无持续风向≤3级
2011-05-24,guangzhou,阴/多云,25℃/20℃,无持续风向≤3级/无持续风向≤3级
2011-05-25,guangzhou,多云/多云,29℃/21℃,无持续风向≤3级/无持续风向≤3级
2011-05-26,guangzhou,晴/晴,30℃/21℃,无持续风向≤3级/无持续风向≤3级
2011-05-27,guangzhou,晴/多云,31℃/23℃,无持续风向≤3级/无持续风向≤3级
2011-05-28,guangzhou,晴/晴,32℃/22℃,无持续风向≤3级/无持续风向≤3级
2011-05-29,guangzhou,晴/晴,33℃/21℃,无持续风向≤3级/无持续风向≤3级
2011-05-30,guangzhou,晴/晴,33℃/23℃,无持续风向≤3级/无持续风向≤3级
2011-05-31,guangzhou,晴/晴,33℃/21℃,无持续风向≤3级/无持续风向≤3级
2011-06-01,guangzhou,晴/多云,34℃/23℃,无持续风向≤3级/无持续风向≤3级
2011-06-02,guangzhou,晴/多云,34℃/25℃,无持续风向≤3级/无持续风向≤3级
2011-06-03,guangzhou,多云/多云,33℃/26℃,无持续风向≤3级/无持续风向≤3级
2011-06-04,guangzhou,多云/阵雨,33℃/26℃,无持续风向≤3级/无持续风向≤3级
2011-06-05,guangzhou,阵雨/阵雨,32℃/27℃,无持续风向≤3级/无持续风向≤3级
2011-06-06,guangzhou,阵雨/多云,33℃/27℃,无持续风向≤3级/无持续风向≤3级
2011-06-07,guangzhou,阵雨/阵雨,33℃/26℃,无持续风向≤3级/无持续风向≤3级
2011-06-08,guangzhou,阵雨/多云,33℃/26℃,无持续风向≤3级/无持续风向≤3级
2011-06-09,guangzhou,阵雨/多云,34℃/27℃,无持续风向≤3级/无持续风向≤3级
2011-06-10,guangzhou,多云/多云,35℃/27℃,无持续风向≤3级/无持续风向≤3级
2011-06-11,guangzhou,阵雨/阵雨,33℃/26℃,无持续风向≤3级/无持续风向≤3级
2011-06-12,guangzhou,雷阵雨/阵雨,33℃/25℃,无持续风向≤3级/无持续风向≤3级
2011-06-13,guangzhou,雷阵雨/多云,32℃/26℃,无持续风向≤3级/无持续风向≤3级
2011-06-14,guangzhou,雷阵雨/多云,33℃/26℃,无持续风向≤3级/无持续风向≤3级
2011-06-15,guangzhou,阵雨/阵雨,34℃/26℃,无持续风向≤3级/无持续风向≤3级
2011-06-16,guangzhou,阵雨/暴雨,30℃/23℃,无持续风向≤3级/无持续风向≤3级
2011-06-17,guangzhou,暴雨/中雨,30℃/24℃,无持续风向≤3级/无持续风向≤3级
2011-06-18,guangzhou,雷阵雨/多云,31℃/26℃,无持续风向≤3级/无持续风向≤3级
2011-06-19,guangzhou,多云/多云,33℃/25℃,无持续风向≤3级/无持续风向≤3级
2011-06-20,guangzhou,多云/多云,34℃/26℃,无持续风向≤3级/无持续风向≤3级
2011-06-21,guangzhou,多云/阵雨,35℃/25℃,无持续风向≤3级/无持续风向≤3级
2011-06-22,guangzhou,中雨/暴雨,32℃/25℃,东北风3-4级/东南风3-4级
2011-06-23,guangzhou,大雨/中雨,30℃/25℃,东南风3-4级/东风3-4级
2011-06-24,guangzhou,阵雨/阵雨,32℃/26℃,无持续风向≤3级/无持续风向≤3级
2011-06-25,guangzhou,阵雨/中雨,33℃/26℃,无持续风向≤3级/无持续风向≤3级
2011-06-26,guangzhou,大到暴雨/中雨,30℃/25℃,无持续风向≤3级/无持续风向≤3级
2011-06-27,guangzhou,中雨/中雨,31℃/26℃,无持续风向≤3级/无持续风向≤3级
2011-06-28,guangzhou,雷阵雨/暴雨,32℃/25℃,无持续风向≤3级/无持续风向≤3级
2011-06-29,guangzhou,暴雨/大到暴雨,29℃/25℃,无持续风向≤3级/南风3-4级
2011-06-30,guangzhou,大到暴雨/中雨,28℃/25℃,无持续风向≤3级/无持续风向≤3级
2011-07-01,guangzhou,雷阵雨/阵雨,31℃/26℃,无持续风向≤3级/无持续风向≤3级
2011-07-02,guangzhou,多云/多云,34℃/26℃,无持续风向≤3级/无持续风向≤3级
2011-07-03,guangzhou,晴/晴,35℃/26℃,无持续风向≤3级/无持续风向≤3级
2011-07-04,guangzhou,晴/晴,35℃/26℃,无持续风向≤3级/无持续风向≤3级
2011-07-05,guangzhou,晴/晴,35℃/26℃,无持续风向≤3级/无持续风向≤3级
2011-07-06,guangzhou,晴/晴,35℃/26℃,无持续风向≤3级/无持续风向≤3级
2011-07-07,guangzhou,晴/晴,35℃/26℃,无持续风向≤3级/无持续风向≤3级
2011-07-08,guangzhou,晴/多云,35℃/26℃,无持续风向≤3级/无持续风向≤3级
2011-07-09,guangzhou,多云/阵雨,35℃/26℃,无持续风向≤3级/无持续风向≤3级
2011-07-10,guangzhou,雷阵雨/多云,33℃/25℃,无持续风向≤3级/无持续风向≤3级
2011-07-11,guangzhou,雷阵雨/多云,32℃/24℃,无持续风向≤3级/无持续风向≤3级
2011-07-12,guangzhou,雷阵雨/雷阵雨,32℃/25℃,无持续风向≤3级/无持续风向≤3级
2011-07-13,guangzhou,雷阵雨/雷阵雨,31℃/26℃,无持续风向≤3级/无持续风向≤3级
2011-07-14,guangzhou,雷阵雨/雷阵雨,32℃/25℃,无持续风向≤3级/无持续风向≤3级
2011-07-15,guangzhou,大到暴雨/大到暴雨,30℃/25℃,无持续风向≤3级/无持续风向≤3级
2011-07-16,guangzhou,暴雨/大雨,27℃/25℃,无持续风向≤3级/无持续风向≤3级
2011-07-17,guangzhou,大雨/中到大雨,30℃/26℃,无持续风向≤3级/无持续风向≤3级
2011-07-18,guangzhou,中雨/中雨,33℃/26℃,无持续风向≤3级/无持续风向≤3级
2011-07-19,guangzhou,中雨/大雨,32℃/25℃,无持续风向≤3级/无持续风向≤3级
2011-07-20,guangzhou,大雨/中雨,31℃/25℃,无持续风向≤3级/无持续风向≤3级
2011-07-21,guangzhou,雷阵雨/阵雨,32℃/25℃,无持续风向≤3级/无持续风向≤3级
2011-07-22,guangzhou,雷阵雨/多云,33℃/26℃,无持续风向≤3级/无持续风向≤3级
2011-07-23,guangzhou,晴/多云,34℃/26℃,无持续风向≤3级/无持续风向≤3级
2011-07-24,guangzhou,晴/晴,35℃/26℃,无持续风向≤3级/无持续风向≤3级
2011-07-25,guangzhou,晴/晴,36℃/26℃,无持续风向≤3级/无持续风向≤3级
2011-07-26,guangzhou,晴/晴,36℃/26℃,无持续风向≤3级/无持续风向≤3级
2011-07-27,guangzhou,晴/晴,35℃/26℃,无持续风向≤3级/无持续风向≤3级
2011-07-28,guangzhou,晴/雷阵雨,35℃/26℃,无持续风向≤3级/无持续风向≤3级
2011-07-29,guangzhou,中雨/中雨,32℃/25℃,东风3-4级/东南风3-4级
2011-07-30,guangzhou,中雨/小到中雨,31℃/24℃,东南风3-4级/无持续风向≤3级
2011-07-31,guangzhou,阵雨/多云,32℃/24℃,无持续风向≤3级/无持续风向≤3级
2011-08-01,guangzhou,阵雨/多云,34℃/24℃,无持续风向≤3级/无持续风向≤3级
2011-08-02,guangzhou,多云/多云,34℃/26℃,无持续风向≤3级/无持续风向≤3级
2011-08-03,guangzhou,晴/晴,36℃/25℃,无持续风向≤3级/无持续风向≤3级
2011-08-04,guangzhou,晴/晴,36℃/25℃,无持续风向≤3级/无持续风向≤3级
2011-08-05,guangzhou,晴/晴,36℃/26℃,无持续风向≤3级/无持续风向≤3级
2011-08-06,guangzhou,多云/多云,35℃/26℃,无持续风向≤3级/无持续风向≤3级
2011-08-07,guangzhou,雷阵雨/雷阵雨,35℃/26℃,无持续风向≤3级/无持续风向≤3级
2011-08-08,guangzhou,雷阵雨/阵雨,34℃/26℃,无持续风向≤3级/无持续风向≤3级
2011-08-09,guangzhou,雷阵雨/中雨,32℃/25℃,无持续风向≤3级/无持续风向≤3级
2011-08-10,guangzhou,中雨/阵雨,31℃/25℃,无持续风向≤3级/无持续风向≤3级
2011-08-11,guangzhou,阵雨/多云,32℃/26℃,无持续风向≤3级/无持续风向≤3级
2011-08-12,guangzhou,阵雨/多云,32℃/26℃,无持续风向≤3级/无持续风向≤3级
2011-08-13,guangzhou,晴/晴,35℃/26℃,无持续风向≤3级/无持续风向≤3级
2011-08-14,guangzhou,晴/晴,35℃/26℃,无持续风向≤3级/无持续风向≤3级
2011-08-15,guangzhou,晴/晴,35℃/25℃,无持续风向≤3级/无持续风向≤3级
2011-08-16,guangzhou,晴/多云,35℃/27℃,无持续风向≤3级/无持续风向≤3级
2011-08-17,guangzhou,晴/晴,35℃/26℃,无持续风向≤3级/无持续风向≤3级
2011-08-18,guangzhou,晴/晴,35℃/24℃,无持续风向≤3级/无持续风向≤3级
2011-08-19,guangzhou,晴/多云,35℃/25℃,无持续风向≤3级/无持续风向≤3级
2011-08-20,guangzhou,多云/多云,35℃/25℃,无持续风向≤3级/无持续风向≤3级
2011-08-21,guangzhou,雷阵雨/晴,35℃/25℃,无持续风向≤3级/无持续风向≤3级
2011-08-22,guangzhou,雷阵雨/多云,35℃/25℃,无持续风向≤3级/无持续风向≤3级
2011-08-23,guangzhou,雷阵雨/雷阵雨,32℃/25℃,无持续风向≤3级/无持续风向≤3级
2011-08-24,guangzhou,雷阵雨/雷阵雨,33℃/25℃,无持续风向≤3级/无持续风向≤3级
2011-08-25,guangzhou,雷阵雨/多云,33℃/25℃,无持续风向≤3级/无持续风向≤3级
2011-08-26,guangzhou,多云/多云,35℃/26℃,无持续风向≤3级/无持续风向≤3级
2011-08-27,guangzhou,晴/晴,35℃/26℃,无持续风向≤3级/无持续风向≤3级
2011-08-28,guangzhou,晴/多云,35℃/26℃,无持续风向≤3级/无持续风向≤3级
2011-08-29,guangzhou,晴/晴,35℃/26℃,无持续风向≤3级/无持续风向≤3级
2011-08-30,guangzhou,晴/阵雨,36℃/26℃,无持续风向≤3级/无持续风向≤3级
2011-08-31,guangzhou,多云/阵雨,35℃/25℃,无持续风向≤3级/无持续风向≤3级
2011-09-01,guangzhou,阵雨/大到暴雨,31℃/24℃,无持续风向≤3级/无持续风向≤3级
2011-09-02,guangzhou,中雨/大雨,28℃/26℃,无持续风向≤3级/无持续风向≤3级
2011-09-03,guangzhou,中雨/阵雨,31℃/26℃,无持续风向≤3级/无持续风向≤3级
2011-09-04,guangzhou,阵雨/多云,32℃/25℃,无持续风向≤3级/无持续风向≤3级
2011-09-05,guangzhou,多云/多云,35℃/26℃,无持续风向≤3级/无持续风向≤3级
2011-09-06,guangzhou,多云/多云,34℃/25℃,无持续风向≤3级/无持续风向≤3级
2011-09-07,guangzhou,阵雨/多云,34℃/25℃,无持续风向≤3级/无持续风向≤3级
2011-09-08,guangzhou,阵雨/多云,34℃/25℃,无持续风向≤3级/无持续风向≤3级
2011-09-09,guangzhou,多云/多云,35℃/26℃,无持续风向≤3级/无持续风向≤3级
2011-09-10,guangzhou,雷阵雨/多云,35℃/25℃,无持续风向≤3级/无持续风向≤3级
2011-09-11,guangzhou,阵雨/多云,33℃/25℃,无持续风向≤3级/无持续风向≤3级
2011-09-12,guangzhou,阵雨/多云,33℃/25℃,无持续风向≤3级/无持续风向≤3级
2011-09-13,guangzhou,阵雨/多云,34℃/25℃,无持续风向≤3级/无持续风向≤3级
2011-09-14,guangzhou,雷阵雨/多云,34℃/25℃,无持续风向≤3级/无持续风向≤3级
2011-09-15,guangzhou,雷阵雨/雷阵雨,34℃/26℃,无持续风向≤3级/无持续风向≤3级
2011-09-16,guangzhou,雷阵雨/多云,34℃/24℃,无持续风向≤3级/无持续风向≤3级
2011-09-17,guangzhou,雷阵雨/阵雨,34℃/24℃,无持续风向≤3级/无持续风向≤3级
2011-09-18,guangzhou,雷阵雨/阵雨,35℃/24℃,无持续风向≤3级/无持续风向≤3级
2011-09-19,guangzhou,雷阵雨/阵雨,32℃/22℃,无持续风向≤3级/无持续风向≤3级
2011-09-20,guangzhou,多云/多云,30℃/20℃,无持续风向≤3级/无持续风向≤3级
2011-09-21,guangzhou,多云/晴,30℃/20℃,无持续风向≤3级/无持续风向≤3级
2011-09-22,guangzhou,晴/晴,30℃/20℃,无持续风向≤3级/无持续风向≤3级
2011-09-23,guangzhou,晴/晴,30℃/21℃,无持续风向≤3级/无持续风向≤3级
2011-09-24,guangzhou,晴/阵雨,31℃/22℃,无持续风向≤3级/无持续风向≤3级
2011-09-25,guangzhou,阵雨/多云,29℃/23℃,无持续风向≤3级/无持续风向≤3级
2011-09-26,guangzhou,阵雨/多云,30℃/24℃,无持续风向≤3级/无持续风向≤3级
2011-09-27,guangzhou,多云/晴,33℃/24℃,无持续风向≤3级/无持续风向≤3级
2011-09-28,guangzhou,阵雨/中雨,33℃/24℃,无持续风向≤3级/东风3-4级
2011-09-29,guangzhou,中到大雨/大到暴雨,29℃/22℃,东北风4-5级/东北风4-5级
2011-09-30,guangzhou,中雨/阵雨,29℃/24℃,无持续风向≤3级/无持续风向≤3级
2011-10-01,guangzhou,阵雨/多云,30℃/23℃,无持续风向≤3级/无持续风向≤3级
2011-10-02,guangzhou,多云/阵雨,30℃/22℃,无持续风向≤3级/无持续风向≤3级
2011-10-03,guangzhou,阵雨/阵雨,26℃/20℃,东北风3-4级/东北风3-4级
2011-10-04,guangzhou,阵雨/阵雨,25℃/20℃,北风3-4级/北风3-4级
2011-10-05,guangzhou,多云/阵雨,26℃/20℃,东北风3-4级/无持续风向≤3级
2011-10-06,guangzhou,多云/阵雨,27℃/21℃,无持续风向≤3级/无持续风向≤3级
2011-10-07,guangzhou,多云/多云,28℃/21℃,无持续风向≤3级/无持续风向≤3级
2011-10-08,guangzhou,多云/晴,30℃/21℃,无持续风向≤3级/无持续风向≤3级
2011-10-09,guangzhou,晴/晴,31℃/22℃,无持续风向≤3级/无持续风向≤3级
2011-10-10,guangzhou,多云/阵雨,31℃/21℃,无持续风向≤3级/无持续风向≤3级
2011-10-11,guangzhou,阵雨/阵雨,29℃/23℃,无持续风向≤3级/无持续风向≤3级
2011-10-12,guangzhou,阵雨/阵雨,28℃/23℃,无持续风向≤3级/无持续风向≤3级
2011-10-13,guangzhou,中到大雨/中到大雨,26℃/22℃,无持续风向≤3级/无持续风向≤3级
2011-10-14,guangzhou,阵雨/多云,26℃/20℃,无持续风向≤3级/无持续风向≤3级
2011-10-15,guangzhou,多云/多云,27℃/20℃,无持续风向≤3级/无持续风向≤3级
2011-10-16,guangzhou,多云/多云,28℃/20℃,无持续风向≤3级/无持续风向≤3级
2011-10-17,guangzhou,晴/晴,29℃/17℃,无持续风向≤3级/无持续风向≤3级
2011-10-18,guangzhou,晴/晴,29℃/17℃,无持续风向≤3级/无持续风向≤3级
2011-10-19,guangzhou,晴/晴,30℃/18℃,无持续风向≤3级/无持续风向≤3级
2011-10-20,guangzhou,晴/晴,30℃/18℃,无持续风向≤3级/无持续风向≤3级
2011-10-21,guangzhou,晴/晴,30℃/18℃,无持续风向≤3级/无持续风向≤3级
2011-10-22,guangzhou,晴/晴,30℃/19℃,无持续风向≤3级/无持续风向≤3级
2011-10-23,guangzhou,多云/多云,30℃/21℃,无持续风向≤3级/无持续风向≤3级
2011-10-24,guangzhou,多云/多云,29℃/19℃,无持续风向≤3级/无持续风向≤3级
2011-10-25,guangzhou,多云/多云,26℃/18℃,无持续风向≤3级/无持续风向≤3级
2011-10-26,guangzhou,多云/多云,26℃/19℃,无持续风向≤3级/无持续风向≤3级
2011-10-27,guangzhou,多云/多云,26℃/19℃,无持续风向≤3级/无持续风向≤3级
2011-10-28,guangzhou,多云/多云,27℃/18℃,无持续风向≤3级/无持续风向≤3级
2011-10-29,guangzhou,多云/多云,27℃/18℃,无持续风向≤3级/无持续风向≤3级
2011-10-30,guangzhou,多云/多云,27℃/19℃,无持续风向≤3级/无持续风向≤3级
2011-10-31,guangzhou,多云/多云,27℃/18℃,无持续风向≤3级/无持续风向≤3级
2011-11-01,guangzhou,多云/多云,28℃/18℃,无持续风向≤3级/无持续风向≤3级
2011-11-02,guangzhou,多云/多云,28℃/19℃,无持续风向≤3级/无持续风向≤3级
2011-11-03,guangzhou,多云/小雨,29℃/19℃,无持续风向≤3级/无持续风向≤3级
2011-11-04,guangzhou,小雨/多云,29℃/22℃,无持续风向≤3级/无持续风向≤3级
2011-11-05,guangzhou,多云/多云,30℃/22℃,无持续风向≤3级/无持续风向≤3级
2011-11-06,guangzhou,多云/多云,32℃/23℃,无持续风向≤3级/无持续风向≤3级
2011-11-07,guangzhou,多云/小雨,30℃/18℃,无持续风向≤3级/无持续风向≤3级
2011-11-08,guangzhou,大雨/大到暴雨,21℃/16℃,无持续风向≤3级/北风3-4级
2011-11-09,guangzhou,大到暴雨/阵雨,16℃/15℃,北风3-4级/北风3-4级
2011-11-10,guangzhou,多云/多云,22℃/15℃,北风3-4级/东北风3-4级
2011-11-11,guangzhou,多云/多云,23℃/16℃,无持续风向≤3级/无持续风向≤3级
2011-11-12,guangzhou,多云/多云,25℃/17℃,无持续风向≤3级/无持续风向≤3级
2011-11-13,guangzhou,晴/多云,26℃/16℃,无持续风向≤3级/无持续风向≤3级
2011-11-14,guangzhou,多云/多云,26℃/17℃,无持续风向≤3级/无持续风向≤3级
2011-11-15,guangzhou,多云/多云,28℃/20℃,无持续风向≤3级/无持续风向≤3级
2011-11-16,guangzhou,多云/多云,28℃/21℃,无持续风向≤3级/无持续风向≤3级
2011-11-17,guangzhou,小雨/中雨,29℃/21℃,无持续风向≤3级/无持续风向≤3级
2011-11-18,guangzhou,中雨/小到中雨,24℃/19℃,无持续风向≤3级/无持续风向≤3级
2011-11-19,guangzhou,阴/晴,26℃/17℃,无持续风向≤3级/北风3-4级
2011-11-20,guangzhou,多云/晴,26℃/15℃,无持续风向≤3级/无持续风向≤3级
2011-11-21,guangzhou,多云/阴,25℃/17℃,无持续风向≤3级/无持续风向≤3级
2011-11-22,guangzhou,阴/多云,23℃/16℃,无持续风向≤3级/无持续风向≤3级
2011-11-23,guangzhou,晴/晴,26℃/14℃,无持续风向≤3级/东北风3-4级
2011-11-24,guangzhou,晴/多云,25℃/16℃,无持续风向≤3级/无持续风向≤3级
2011-11-25,guangzhou,阴/阴,23℃/16℃,无持续风向≤3级/无持续风向≤3级
2011-11-26,guangzhou,阴/阴,24℃/16℃,无持续风向≤3级/无持续风向≤3级
2011-11-27,guangzhou,多云/晴,24℃/15℃,无持续风向≤3级/无持续风向≤3级
2011-11-28,guangzhou,晴/晴,26℃/14℃,无持续风向≤3级/无持续风向≤3级
2011-11-29,guangzhou,晴/晴,27℃/16℃,无持续风向≤3级/无持续风向≤3级
2011-11-30,guangzhou,晴/多云,27℃/12℃,无持续风向≤3级/北风3-4级
2011-12-01,guangzhou,阴/多云,16℃/9℃,北风4-5级/北风3-4级
2011-12-02,guangzhou,多云/晴,16℃/6℃,北风4-5级/北风3-4级
2011-12-03,guangzhou,晴/晴,17℃/5℃,无持续风向≤3级/无持续风向≤3级
2011-12-04,guangzhou,晴/多云,21℃/10℃,无持续风向≤3级/无持续风向≤3级
2011-12-05,guangzhou,多云/多云,21℃/15℃,无持续风向≤3级/无持续风向≤3级
2011-12-06,guangzhou,多云/多云,21℃/17℃,无持续风向≤3级/无持续风向≤3级
2011-12-07,guangzhou,多云/小雨,23℃/13℃,无持续风向≤3级/北风3-4级
2011-12-08,guangzhou,阴/多云,16℃/9℃,北风3-4级/北风3-4级
2011-12-09,guangzhou,多云/多云,15℃/6℃,北风4-5级/北风4-5级
2011-12-10,guangzhou,多云/晴,15℃/4℃,北风4-5级/北风3-4级
2011-12-11,guangzhou,晴/晴,16℃/4℃,北风3-4级/无持续风向≤3级
2011-12-12,guangzhou,晴/晴,18℃/8℃,北风3-4级/无持续风向≤3级
2011-12-13,guangzhou,晴/多云,19℃/11℃,无持续风向≤3级/无持续风向≤3级
2011-12-14,guangzhou,多云/多云,20℃/13℃,无持续风向≤3级/无持续风向≤3级
2011-12-15,guangzhou,阴/多云,19℃/11℃,北风3-4级/北风3-4级
2011-12-16,guangzhou,阴/晴,16℃/10℃,北风4-5级/北风3-4级
2011-12-17,guangzhou,晴/晴,19℃/8℃,无持续风向≤3级/无持续风向≤3级
2011-12-18,guangzhou,多云/晴,18℃/7℃,无持续风向≤3级/无持续风向≤3级
2011-12-19,guangzhou,晴/多云,20℃/11℃,无持续风向≤3级/无持续风向≤3级
2011-12-20,guangzhou,多云/多云,21℃/13℃,无持续风向≤3级/无持续风向≤3级
2011-12-21,guangzhou,阴/多云,20℃/12℃,无持续风向≤3级/无持续风向≤3级
2011-12-22,guangzhou,多云/多云,21℃/10℃,北风3-4级/北风3-4级
2011-12-23,guangzhou,多云/晴,16℃/5℃,北风3-4级/北风3-4级
2011-12-24,guangzhou,晴/晴,16℃/5℃,北风3-4级/无持续风向≤3级
2011-12-25,guangzhou,晴/晴,16℃/7℃,无持续风向≤3级/无持续风向≤3级
2011-12-26,guangzhou,晴/多云,18℃/10℃,无持续风向≤3级/无持续风向≤3级
2011-12-27,guangzhou,多云/多云,20℃/10℃,无持续风向≤3级/无持续风向≤3级
2011-12-28,guangzhou,多云/多云,22℃/13℃,无持续风向≤3级/无持续风向≤3级
2011-12-29,guangzhou,多云/阴,23℃/12℃,无持续风向微风/无持续风向微风
2011-12-30,guangzhou,阴/多云,20℃/12℃,北风3-4级/无持续风向≤3级
2011-12-31,guangzhou,多云/多云,20℃/11℃,无持续风向≤3级/无持续风向≤3级
